"id","subj","text","user","user_from","date","pm_read","folder","reply","sendid"
4,Тайпер,"Хотелось бы попробовать себя в роли тайпера комиксов. Полностью оттайпил 40 выпуск Рика и Морти, если интересно, в<br>качестве примера можете посмотреть на мой уровень. Раньше работал в paint.net, поэтому не всё так хорошо как хотелось бы. <br>Более менее научился пользоваться GIMPом. С грамматикой всё в порядке, пунктуацию и орфографию знаю на 90% уж точно, если что, гугл в помощь) <br>Спасибо, что уделили время моей анкете.<br>https://yadi.sk/d/HdLv4N78F02VSw (ссылка на комикс)",3,killaglobin,1578672518,1,outbox,0,0
6,RE: Тайпер,"<!--QuoteBegin--><div class=""quote""><!--QuoteEBegin-->Хотелось бы попробовать себя в роли тайпера комиксов. Полностью оттайпил 40 выпуск Рика и Морти, если интересно, в<br>качестве примера можете посмотреть на мой уровень. Раньше работал в paint.net, поэтому не всё так хорошо как хотелось бы. <br>Более менее научился пользоваться GIMPом. С грамматикой всё в порядке, пунктуацию и орфографию знаю на 90% уж точно, если что, гугл в помощь) <br>Спасибо, что уделили время моей анкете.<br>https://yadi.sk/d/HdLv4N78F02VSw (ссылка на комикс)<!--QuoteEnd--></div><!--QuoteEEnd--><br><br>Привет. Глянул комикс. Не без косяков, но это не проблема. Мы всегда обучим - было бы желание учиться.<br><br>Разве что может возникнуть некоторое недопонимание в кнопках, поскольку я сам на фотошопе работаю. Впрочем, основные методы схожи.<br><br>https://yadi.sk/i/ydyYVdPbukxkv - вот инструкция, в ней азы. Советы по размерам и центровке.<br><br>Пара вопросов: ты ещё и переводишь или так текст накидал? Хочешь делать именно эту серию или разные?<br><br>Если что, тест на переводчика придётся сдавать отдельно. А насчёт серии - её сейчас активно издают, вряд ли стоит за неё браться.<br><br>Если готов делать другие серии, выдам тебе тестовый комикс.",992,Oleg-D,1578677941,1,outbox,0,0
7,RE: Тайпер,"<!--QuoteBegin--><div class=""quote""><!--QuoteEBegin-->Хотелось бы попробовать себя в роли тайпера комиксов. Полностью оттайпил 40 выпуск Рика и Морти, если интересно, в<br>качестве примера можете посмотреть на мой уровень. Раньше работал в paint.net, поэтому не всё так хорошо как хотелось бы. <br>Более менее научился пользоваться GIMPом. С грамматикой всё в порядке, пунктуацию и орфографию знаю на 90% уж точно, если что, гугл в помощь) <br>Спасибо, что уделили время моей анкете.<br>https://yadi.sk/d/HdLv4N78F02VSw (ссылка на комикс)<!--QuoteEnd--></div><!--QuoteEEnd--><br><br>Привет. Глянул комикс. Не без косяков, но это не проблема. Мы всегда обучим - было бы желание учиться.<br><br>Разве что может возникнуть некоторое недопонимание в кнопках, поскольку я сам на фотошопе работаю. Впрочем, основные методы схожи.<br><br>https://yadi.sk/i/ydyYVdPbukxkv - вот инструкция, в ней азы. Советы по размерам и центровке.<br><br>Пара вопросов: ты ещё и переводишь или так текст накидал? Хочешь делать именно эту серию или разные?<br><br>Если что, тест на переводчика придётся сдавать отдельно. А насчёт серии - её сейчас активно издают, вряд ли стоит за неё браться.<br><br>Если готов делать другие серии, выдам тебе тестовый комикс.",992,Oleg-D,1578677941,1,inbox,1,6
8,RE: Тайпер,"Большое спасибо за ответ и за инструкцию.<br>Я в английском не силён, т.к. не изучал его, все переводы осуществлялись моей девушкой, она в нём достаточно прошаренная.<br>Мы бы хотели вместе с ней работать, типо она могла бы переводить, а я непосредственно тайпить.<br>Я не зацикливаюсь на определённых сериях, так что подойдут любые в общем то, но если есть возможность переводить и тайпить что-то из Teen Titans или комиксов про Венома, Человека-Паука или других персонажей Marvel, я был бы очень рад.<br>Можно пока не выдавать цельный комикс, а несколько страниц, чтобы я обучился на них заниматься этим?<br>Так же понадобится день-два на изучение и как бы обучение, да.<br>Как раз проверишь мою работу и то, как моя GF переводит комиксы.<br>Кстати да, она зарегистрируется тогда на сайте и со своего акка отправит заявку на переводчика. katkeks1k, если что.<br>Спасибо, жду ответа.",3,killaglobin,1578685483,1,outbox,0,0
10,переводчик,"Доброго времени суток, я насчет вакансии переводчика. Вы писали парню насчет перевода комикса \""Рик и Морти\"", он сообщал о том, что переводили мы его вместе (Killaglobin и ChaeRheeGG). Хотела бы пройти тестирование на переводчика.",3,katkeks1k,1578686056,1,outbox,0,0
12,RE: Тайпер,"<!--QuoteBegin--><div class=""quote""><!--QuoteEBegin-->Большое спасибо за ответ и за инструкцию.<br>Я в английском не силён, т.к. не изучал его, все переводы осуществлялись моей девушкой, она в нём достаточно прошаренная.<br>Мы бы хотели вместе с ней работать, типо она могла бы переводить, а я непосредственно тайпить.<br>Я не зацикливаюсь на определённых сериях, так что подойдут любые в общем то, но если есть возможность переводить и тайпить что-то из Teen Titans или комиксов про Венома, Человека-Паука или других персонажей Marvel, я был бы очень рад.<br>Можно пока не выдавать цельный комикс, а несколько страниц, чтобы я обучился на них заниматься этим?<br>Так же понадобится день-два на изучение и как бы обучение, да.<br>Как раз проверишь мою работу и то, как моя GF переводит комиксы.<br>Кстати да, она зарегистрируется тогда на сайте и со своего акка отправит заявку на переводчика. katkeks1k, если что.<br>Спасибо, жду ответа.<!--QuoteEnd--></div><!--QuoteEEnd--><br><br>Привет. Семейный подряд? Прикольно.<br><br>https://yadi.sk/d/ZlYvdB8QUaFrzA вот тестовый комикс. В папке перевод и шрифт, которым нужно тайпить. На тебе текст в пузырях. На стр. 2 текст на жёлтых картинках (которые Колосс рисовал) не трогай, это оформитель сделает.<br><br>Первый комикс, пока обучаешься, делаем по 5 страниц. То есть 5 страниц затайпишь, архивируй и ссылку мне.<br><br>Пара советов:<br>Страницы не переименовывай, лучше создай отдельно папки для рабочих PSD-файлов (или какое там расширение у твоей программки?), их как раз не надо удалять до самого релиза комикса, чтобы потом исправления вносить, и отдельно папку для готовых страниц.<br><br>Размеры шрифта подбирай по самому маленькому пузырю. Например, стр. 2 (4-3) - это номер кадра и номер пузыря. Там всего 2 строчки, удобно все параметры рассчитать. Конечно, лучше изначально ставить чуть меньший размер (в зависимости от размера страницы).<br><br>Какие будут вопросы, не стесняйся.<br><br>На тест даём 2 недели, но срок расплывчатый. Если ты активно сдаёшь страницы, то просто работаем до победного. :)",992,Oleg-D,1578713651,1,outbox,0,0
13,RE: Тайпер,"<!--QuoteBegin--><div class=""quote""><!--QuoteEBegin-->Большое спасибо за ответ и за инструкцию.<br>Я в английском не силён, т.к. не изучал его, все переводы осуществлялись моей девушкой, она в нём достаточно прошаренная.<br>Мы бы хотели вместе с ней работать, типо она могла бы переводить, а я непосредственно тайпить.<br>Я не зацикливаюсь на определённых сериях, так что подойдут любые в общем то, но если есть возможность переводить и тайпить что-то из Teen Titans или комиксов про Венома, Человека-Паука или других персонажей Marvel, я был бы очень рад.<br>Можно пока не выдавать цельный комикс, а несколько страниц, чтобы я обучился на них заниматься этим?<br>Так же понадобится день-два на изучение и как бы обучение, да.<br>Как раз проверишь мою работу и то, как моя GF переводит комиксы.<br>Кстати да, она зарегистрируется тогда на сайте и со своего акка отправит заявку на переводчика. katkeks1k, если что.<br>Спасибо, жду ответа.<!--QuoteEnd--></div><!--QuoteEEnd--><br><br>Привет. Семейный подряд? Прикольно.<br><br>https://yadi.sk/d/ZlYvdB8QUaFrzA вот тестовый комикс. В папке перевод и шрифт, которым нужно тайпить. На тебе текст в пузырях. На стр. 2 текст на жёлтых картинках (которые Колосс рисовал) не трогай, это оформитель сделает.<br><br>Первый комикс, пока обучаешься, делаем по 5 страниц. То есть 5 страниц затайпишь, архивируй и ссылку мне.<br><br>Пара советов:<br>Страницы не переименовывай, лучше создай отдельно папки для рабочих PSD-файлов (или какое там расширение у твоей программки?), их как раз не надо удалять до самого релиза комикса, чтобы потом исправления вносить, и отдельно папку для готовых страниц.<br><br>Размеры шрифта подбирай по самому маленькому пузырю. Например, стр. 2 (4-3) - это номер кадра и номер пузыря. Там всего 2 строчки, удобно все параметры рассчитать. Конечно, лучше изначально ставить чуть меньший размер (в зависимости от размера страницы).<br><br>Какие будут вопросы, не стесняйся.<br><br>На тест даём 2 недели, но срок расплывчатый. Если ты активно сдаёшь страницы, то просто работаем до победного. :)",992,Oleg-D,1578713651,1,inbox,1,12
14,RE: переводчик,"<!--QuoteBegin--><div class=""quote""><!--QuoteEBegin-->Доброго времени суток, я насчет вакансии переводчика. Вы писали парню насчет перевода комикса \""Рик и Морти\"", он сообщал о том, что переводили мы его вместе (Killaglobin и ChaeRheeGG). Хотела бы пройти тестирование на переводчика.<!--QuoteEnd--></div><!--QuoteEEnd--><br><br>Привет. Да, он мне писал.<br><br>https://yadi.sk/d/yzyYbcZH3N5aS4 вот тебе тестовый комикс.<br><br>Требования к переводу:<br>Перевод делать в вордовском документе<br>Переводить нужно всё (включая авторов и всякие надписи). Звуки можно не переводить.<br>Указывать номера страниц согласно файлам (отделяя цифры от текста пустой строкой).<br>Каждый пузырь или табличка - с отдельной строки.<br>Также нужно выделять жирным + курсивом слова, выделенные в оригинале. <br><br>На тест даём 2 недели.<br><br>Если будут вопросы, не стесняйся. Удачи. :)",993,Oleg-D,1578713862,1,outbox,0,0
15,RE: переводчик,"<!--QuoteBegin--><div class=""quote""><!--QuoteEBegin-->Доброго времени суток, я насчет вакансии переводчика. Вы писали парню насчет перевода комикса \""Рик и Морти\"", он сообщал о том, что переводили мы его вместе (Killaglobin и ChaeRheeGG). Хотела бы пройти тестирование на переводчика.<!--QuoteEnd--></div><!--QuoteEEnd--><br><br>Привет. Да, он мне писал.<br><br>https://yadi.sk/d/yzyYbcZH3N5aS4 вот тебе тестовый комикс.<br><br>Требования к переводу:<br>Перевод делать в вордовском документе<br>Переводить нужно всё (включая авторов и всякие надписи). Звуки можно не переводить.<br>Указывать номера страниц согласно файлам (отделяя цифры от текста пустой строкой).<br>Каждый пузырь или табличка - с отдельной строки.<br>Также нужно выделять жирным + курсивом слова, выделенные в оригинале. <br><br>На тест даём 2 недели.<br><br>Если будут вопросы, не стесняйся. Удачи. :)",993,Oleg-D,1578713862,1,inbox,0,14
16,RE: Тайпер,"Привет, Олег!<br>Честно сделал 5 своих страниц, на самом деле не так уж и много времени ушло, справился за сегодняшний день.<br>https://yadi.sk/d/YlUZZj5J9V1S2w ссылка на них.<br>Жду критики, какие ошибки и тд. и тп.<br>Если что, готов продолжать работу с комиксом, мне понравилось)<br>Удачи.",3,killaglobin,1578835614,1,outbox,0,0
18,RE: Тайпер,"<!--QuoteBegin--><div class=""quote""><!--QuoteEBegin-->Привет, Олег!<br>Честно сделал 5 своих страниц, на самом деле не так уж и много времени ушло, справился за сегодняшний день.<br>https://yadi.sk/d/YlUZZj5J9V1S2w ссылка на них.<br>Жду критики, какие ошибки и тд. и тп.<br>Если что, готов продолжать работу с комиксом, мне понравилось)<br>Удачи.<!--QuoteEnd--></div><!--QuoteEEnd--><br><br>Привет.<br><br>Пока лишь могу сказать, что нужно увеличивать межстрочный интервал, чтобы строчки не соприкасались. Проверить просто: сверху ставишь Д, а под ней Ё. Минимальный показатель, когда они не касаются друг друга, и годится. Просто шрифты разные, у кого-то по умолчанию межстрочный больше, у кого-то меньше.<br><br>Также тебе стоит быть внимательнее к форме текста. Он должен напоминать овал, а не \""ёжика на дыбах\"". :) Проще говоря, строчки нужно сверху до центра делать всё длиннее, а от центра к низу укорачивать. То есть 3-5-7-5-3 букв (условно). Не бойся пользоваться переносами. Экспериментируй, перемещая на строчку вниз 1-2 слога. Поначалу кажется непривычным, потом уже приноравливаешься и на глаз определяешь, как и где переносить. Тем более, если рамочку с текстом делать по ширине пузыря, текст сам в центре собирается, останется только чуток подравнять (большинство комиксных шрифтов в плане ширины букв универсальны).<br><br>В общем, пока меняй межстрочный и попробуй изменить форму текста. Сейчас мне нет смысла расписывать тебе косяки центровки - всё сдвинется.",992,Oleg-D,1578836775,1,outbox,0,0
19,RE: Тайпер,"<!--QuoteBegin--><div class=""quote""><!--QuoteEBegin-->Привет, Олег!<br>Честно сделал 5 своих страниц, на самом деле не так уж и много времени ушло, справился за сегодняшний день.<br>https://yadi.sk/d/YlUZZj5J9V1S2w ссылка на них.<br>Жду критики, какие ошибки и тд. и тп.<br>Если что, готов продолжать работу с комиксом, мне понравилось)<br>Удачи.<!--QuoteEnd--></div><!--QuoteEEnd--><br><br>Привет.<br><br>Пока лишь могу сказать, что нужно увеличивать межстрочный интервал, чтобы строчки не соприкасались. Проверить просто: сверху ставишь Д, а под ней Ё. Минимальный показатель, когда они не касаются друг друга, и годится. Просто шрифты разные, у кого-то по умолчанию межстрочный больше, у кого-то меньше.<br><br>Также тебе стоит быть внимательнее к форме текста. Он должен напоминать овал, а не \""ёжика на дыбах\"". :) Проще говоря, строчки нужно сверху до центра делать всё длиннее, а от центра к низу укорачивать. То есть 3-5-7-5-3 букв (условно). Не бойся пользоваться переносами. Экспериментируй, перемещая на строчку вниз 1-2 слога. Поначалу кажется непривычным, потом уже приноравливаешься и на глаз определяешь, как и где переносить. Тем более, если рамочку с текстом делать по ширине пузыря, текст сам в центре собирается, останется только чуток подравнять (большинство комиксных шрифтов в плане ширины букв универсальны).<br><br>В общем, пока меняй межстрочный и попробуй изменить форму текста. Сейчас мне нет смысла расписывать тебе косяки центровки - всё сдвинется.",992,Oleg-D,1578836775,1,inbox,1,18
20,RE: Тайпер,"Привет, Олег.<br>Прости, что нет вестей от меня. У меня сейчас экзамены проходят и серьёзные траблы со здоровьем, мне очень тяжело.<br>Я постараюсь на этой неделе сделать и прислать тебе свои листы, но пока на данный момент немного не до этого.<br>Если что, я не пропал, просто действительно такой тяжелый период сейчас.<br>Надеюсь, отнесёшься с пониманием.<br>Спасибо)",3,killaglobin,1579785086,1,outbox,0,0
22,RE: Тайпер,"<!--QuoteBegin--><div class=""quote""><!--QuoteEBegin-->Привет, Олег.<br>Прости, что нет вестей от меня. У меня сейчас экзамены проходят и серьёзные траблы со здоровьем, мне очень тяжело.<br>Я постараюсь на этой неделе сделать и прислать тебе свои листы, но пока на данный момент немного не до этого.<br>Если что, я не пропал, просто действительно такой тяжелый период сейчас.<br>Надеюсь, отнесёшься с пониманием.<br>Спасибо)<!--QuoteEnd--></div><!--QuoteEEnd--><br><br>Привет. Что ж, лечись.",992,Oleg-D,1579786322,1,outbox,0,0
23,RE: Тайпер,"<!--QuoteBegin--><div class=""quote""><!--QuoteEBegin-->Привет, Олег.<br>Прости, что нет вестей от меня. У меня сейчас экзамены проходят и серьёзные траблы со здоровьем, мне очень тяжело.<br>Я постараюсь на этой неделе сделать и прислать тебе свои листы, но пока на данный момент немного не до этого.<br>Если что, я не пропал, просто действительно такой тяжелый период сейчас.<br>Надеюсь, отнесёшься с пониманием.<br>Спасибо)<!--QuoteEnd--></div><!--QuoteEEnd--><br><br>Привет. Что ж, лечись.",992,Oleg-D,1579786322,1,inbox,0,22
24,RE: Тайпер,"Привет. Ну что, разобрался с проблемами? А подруга твоя?",992,Oleg-D,1581477693,1,outbox,0,0
25,RE: Тайпер,"Привет. Ну что, разобрался с проблемами? А подруга твоя?",992,Oleg-D,1581477693,1,inbox,1,24
27,RE: Тайпер,"<!--QuoteBegin--><div class=""quote""><!--QuoteEBegin-->Привет! Да, проблем больше нет кроме той что я заболел другой болезнью, но это мне же на пользу потому что я уже не катаюсь по больницам, так что сегодня-завтра скину свои тестовые переделанные страницы.<br>Подруга моя сказала что ей не хватает знаний для всего этого и что это довольно таки тяжело, так что заниматься она этим не будет.<br>Прости за долгое ожидание.<!--QuoteEnd--></div><!--QuoteEEnd--><br><br>Ладно, жду с тебя страницы тогда. Не болей.",992,Oleg-D,1581562370,1,outbox,0,0
28,RE: Тайпер,"<!--QuoteBegin--><div class=""quote""><!--QuoteEBegin-->Привет! Да, проблем больше нет кроме той что я заболел другой болезнью, но это мне же на пользу потому что я уже не катаюсь по больницам, так что сегодня-завтра скину свои тестовые переделанные страницы.<br>Подруга моя сказала что ей не хватает знаний для всего этого и что это довольно таки тяжело, так что заниматься она этим не будет.<br>Прости за долгое ожидание.<!--QuoteEnd--></div><!--QuoteEEnd--><br><br>Ладно, жду с тебя страницы тогда. Не болей.",992,Oleg-D,1581562370,1,inbox,1,27
30,RE: Тайпер,"Жаль, конечно. Ну ладно, бывает. Появится время, приходи.",992,Oleg-D,1582224367,1,outbox,0,0
31,RE: Тайпер,"Жаль, конечно. Ну ладно, бывает. Появится время, приходи.",992,Oleg-D,1582224367,1,inbox,0,30
32,Вакансия - Универсал,"Здравствуйте. Я хотел бы подать заявку на должность ​Универсала ​​​. Мне кажется это очень интересным. У меня есть навык перевода и оформления комиксов. Этим я занимаюсь больше года - начал переводить иностранные комиксы в инстаграмме. Могу написать ник, если нужно. <br>Можно создать чат переводчиков в Телеграме (ВК я не очень часто пользуюсь в последнее время) и там координировать действия. С фотошопом знаком, необходимые шрифты есть.<br>@senchoz - это мой ник в Телеграме, могу принять задание (перевод и оформление комикса). ",3,Sencho,1602529011,1,outbox,0,0
34,RE: Вакансия - Универсал,"Привет.<br><br>Ты ведь в курсе, что это просто хобби? :) Приходится всем этот вопрос задавать, поскольку каждый второй считает, что у нас тут люди на зарплате работают (мечты-мечты).<br><br>По поводу связи: предпочтительнее ВК или скайп. Можно и через сайт, оповещения на почту приходят, если что.<br><br>Универсалы нам, конечно, нужны. Только давай решим, какой тест будешь сдавать первым - на переводчика, тайпера (текст в пузырях) или оформителя (обложка, вывески, звуки)?",1070,Oleg-D,1602529321,1,outbox,0,0
35,RE: Вакансия - Универсал,"Привет.<br><br>Ты ведь в курсе, что это просто хобби? :) Приходится всем этот вопрос задавать, поскольку каждый второй считает, что у нас тут люди на зарплате работают (мечты-мечты).<br><br>По поводу связи: предпочтительнее ВК или скайп. Можно и через сайт, оповещения на почту приходят, если что.<br><br>Универсалы нам, конечно, нужны. Только давай решим, какой тест будешь сдавать первым - на переводчика, тайпера (текст в пузырях) или оформителя (обложка, вывески, звуки)?",1070,Oleg-D,1602529321,1,inbox,0,34
36,Первый тест,"Первый тест могу сдать на тайпера. Думаю, его я быстрее всего сделаю, ведь он легче.<br>Насчёт, хобби я понял. В описании к вакансиям это ещё подметил.",3,Sencho,1602531345,1,outbox,0,0
38,RE: Первый тест,"Хорошо.<br><br>https://yadi.sk/d/kZ57gTITDNq09w вот комикс. Внутри перевод (тебе, соответственно, начинать со страницы 113) и шрифт для обычных реплик. https://yadi.sk/d/Ilo-ZxYIKoEVOA вот шрифт для пришельцев (обращай внимание, что их пузыри с градиентом).<br><br>В общем, с тебя пузыри и таблички с текстом. Всё, что выходит за рамки, это уже забота оформителя.<br><br>https://yadi.sk/i/ydyYVdPbukxkv инструкция с примерами, как мы всё делаем.<br><br>Схема работы: по 5 страниц. Затайпил - архивируй и кидай мне. Проверяю, выписываю правки. Ну и так до победного.<br><br>На тест даём 2 недели, но это больше условный срок (для тех, кто взял тестовое задание и испарился :))). Если активно кидаешь страницы, срок увеличивается.<br><br>Вопросы будут - пиши.<br><br>Удачи. :)",1070,Oleg-D,1602559071,1,outbox,0,0
39,RE: Первый тест,"Хорошо.<br><br>https://yadi.sk/d/kZ57gTITDNq09w вот комикс. Внутри перевод (тебе, соответственно, начинать со страницы 113) и шрифт для обычных реплик. https://yadi.sk/d/Ilo-ZxYIKoEVOA вот шрифт для пришельцев (обращай внимание, что их пузыри с градиентом).<br><br>В общем, с тебя пузыри и таблички с текстом. Всё, что выходит за рамки, это уже забота оформителя.<br><br>https://yadi.sk/i/ydyYVdPbukxkv инструкция с примерами, как мы всё делаем.<br><br>Схема работы: по 5 страниц. Затайпил - архивируй и кидай мне. Проверяю, выписываю правки. Ну и так до победного.<br><br>На тест даём 2 недели, но это больше условный срок (для тех, кто взял тестовое задание и испарился :))). Если активно кидаешь страницы, срок увеличивается.<br><br>Вопросы будут - пиши.<br><br>Удачи. :)",1070,Oleg-D,1602559071,1,inbox,0,38
40,Шрифт,"Привет. Проблемка со шрифтом возникла. Так всё неплохо получается - пузырьки чистить. Но вот шрифт (этот v_CCSoothsayer_v1.01.ttf) почему-то не отображается на русском при написании, только на английском. Хотя он есть и на кириллице. С другими шрифтами такого нет. Я уже почистил кэш шрифтов в папке фотошопа, отключил «Размер просматриваемого шрифта» и \""защиту отсутствующих глифов\"". Всё равно не помогло. ",3,Sencho,1602670355,1,outbox,0,0
42,RE: Шрифт,"<!--QuoteBegin--><div class=""quote""><!--QuoteEBegin-->Привет. Проблемка со шрифтом возникла. Так всё неплохо получается - пузырьки чистить. Но вот шрифт (этот v_CCSoothsayer_v1.01.ttf) почему-то не отображается на русском при написании, только на английском. Хотя он есть и на кириллице. С другими шрифтами такого нет. Я уже почистил кэш шрифтов в папке фотошопа, отключил «Размер просматриваемого шрифта» и \""защиту отсутствующих глифов\"". Всё равно не помогло. <!--QuoteEnd--></div><!--QuoteEEnd--><br><br>Привет.<br><br>Странные дела. У меня шрифт нормально отображается везде (ворд и ФШ). У другого тайпера тоже нормально.<br>https://yadi.sk/d/w4kZmDxRmAZM8g попробуй эту версию, поновее.<br><br>Если не поможет, дело в самом фотошопе, наверно. Там уж будем думать.",1070,Oleg-D,1602671424,1,inbox,0,0
43,Опять шрифт,"В FontExpert решил провести поиск дубликатов шрифтом. Думал, может проблема в этом, если есть такой же шрифт где-нибудь. А в нём вообще все буквы только английский поддерживают, русских нет. Могу скрин отправить. Поэтому, он и не пишет. Хотя в Ворде им получается печатать. С новой версией такая же фигня",3,Sencho,1602674409,1,outbox,0,0
44,Опять шрифт,"В FontExpert решил провести поиск дубликатов шрифтом. Думал, может проблема в этом, если есть такой же шрифт где-нибудь. А в нём вообще все буквы только английский поддерживают, русских нет. Могу скрин отправить. Поэтому, он и не пишет. Хотя в Ворде им получается печатать. С новой версией такая же фигня",3,Sencho,1602674409,1,inbox,1,43
45,RE: Опять шрифт,"<!--QuoteBegin--><div class=""quote""><!--QuoteEBegin-->В FontExpert решил провести поиск дубликатов шрифтом. Думал, может проблема в этом, если есть такой же шрифт где-нибудь. А в нём вообще все буквы только английский поддерживают, русских нет. Могу скрин отправить. Поэтому, он и не пишет. Хотя в Ворде им получается печатать. С новой версией такая же фигня<!--QuoteEnd--></div><!--QuoteEEnd--><br><br>Фигово, конечно.<br><br>Давай попробуем провернуть такой финт: https://yadi.sk/d/RTql7jHIHoyEEw тайпь этим шрифтом (у него параметры почти как у Sooth), а после всех правок скинешь мне PSD-файлы, я заменю шрифт.<br><br>Но будет забавно, если у тебя и Куберт не пойдёт.",1070,Oleg-D,1602675313,1,outbox,0,0
46,RE: Опять шрифт,"<!--QuoteBegin--><div class=""quote""><!--QuoteEBegin-->В FontExpert решил провести поиск дубликатов шрифтом. Думал, может проблема в этом, если есть такой же шрифт где-нибудь. А в нём вообще все буквы только английский поддерживают, русских нет. Могу скрин отправить. Поэтому, он и не пишет. Хотя в Ворде им получается печатать. С новой версией такая же фигня<!--QuoteEnd--></div><!--QuoteEEnd--><br><br>Фигово, конечно.<br><br>Давай попробуем провернуть такой финт: https://yadi.sk/d/RTql7jHIHoyEEw тайпь этим шрифтом (у него параметры почти как у Sooth), а после всех правок скинешь мне PSD-файлы, я заменю шрифт.<br><br>Но будет забавно, если у тебя и Куберт не пойдёт.",1070,Oleg-D,1602675313,1,inbox,0,45
47,Набор в команду RPU,Здравствуйте. Я хотел бы присоединиться в Вашу команду. Что мне для этого нужно сделать?,3,esf,1605024975,1,outbox,0,0
48,Набор в команду RPU,Здравствуйте. Я хотел бы присоединиться в Вашу команду. Что мне для этого нужно сделать?,3,esf,1605024975,1,inbox,1,47
49,RE: Набор в команду RPU,"Привет.<br><br>Ты ведь в курсе, что мы занимаемся этим всего лишь за спасибо и печеньки? :)<br><br>Если в курсе, то выбирай, что ты хочешь делать: переводить, тайпить (вбивать текст в пузыри) или оформлять (делать обложки и звуки)?<br><br>Ну а я выдам тебе нужный тест.",1076,Oleg-D,1605033326,1,outbox,0,0
50,RE: Набор в команду RPU,"Привет.<br><br>Ты ведь в курсе, что мы занимаемся этим всего лишь за спасибо и печеньки? :)<br><br>Если в курсе, то выбирай, что ты хочешь делать: переводить, тайпить (вбивать текст в пузыри) или оформлять (делать обложки и звуки)?<br><br>Ну а я выдам тебе нужный тест.",1076,Oleg-D,1605033326,1,inbox,1,49
51,RE: Набор в команду RPU,"<!--QuoteBegin--><div class=""quote""><!--QuoteEBegin-->Привет.<br><br>Ты ведь в курсе, что мы занимаемся этим всего лишь за спасибо и печеньки? :)<br><br>Если в курсе, то выбирай, что ты хочешь делать: переводить, тайпить (вбивать текст в пузыри) или оформлять (делать обложки и звуки)?<br><br>Ну а я выдам тебе нужный тест.<!--QuoteEnd--></div><!--QuoteEEnd--><br>Да, я ознакомился со всеми правилами. Хотел бы переводить.",3,esf,1605078388,1,outbox,0,0
52,RE: Набор в команду RPU,"<!--QuoteBegin--><div class=""quote""><!--QuoteEBegin-->Привет.<br><br>Ты ведь в курсе, что мы занимаемся этим всего лишь за спасибо и печеньки? :)<br><br>Если в курсе, то выбирай, что ты хочешь делать: переводить, тайпить (вбивать текст в пузыри) или оформлять (делать обложки и звуки)?<br><br>Ну а я выдам тебе нужный тест.<!--QuoteEnd--></div><!--QuoteEEnd--><br>Да, я ознакомился со всеми правилами. Хотел бы переводить.",3,esf,1605078388,1,inbox,1,51
53,RE: Набор в команду RPU,"Хорошо.<br><br>https://yadi.sk/d/YySG5H1QQYHqbw держи комикс.<br><br>Требования к переводу:<br>Перевод делать в вордовском документе<br>Переводить нужно всё (включая авторов и всякие надписи). Звуки можно не переводить. Рекламные страницы тоже переводить не нужно.<br>Указывать номера страниц согласно файлам (отделяя цифры от текста).<br>Каждый пузырь или табличка - с отдельной строки.<br>Также нужно выделять жирным + курсивом слова, выделенные в оригинале. <br><br>На тест даём 2 недели. Будут вопросы - не стесняйся.",1076,Oleg-D,1605089564,1,outbox,0,0
54,RE: Набор в команду RPU,"Хорошо.<br><br>https://yadi.sk/d/YySG5H1QQYHqbw держи комикс.<br><br>Требования к переводу:<br>Перевод делать в вордовском документе<br>Переводить нужно всё (включая авторов и всякие надписи). Звуки можно не переводить. Рекламные страницы тоже переводить не нужно.<br>Указывать номера страниц согласно файлам (отделяя цифры от текста).<br>Каждый пузырь или табличка - с отдельной строки.<br>Также нужно выделять жирным + курсивом слова, выделенные в оригинале. <br><br>На тест даём 2 недели. Будут вопросы - не стесняйся.",1076,Oleg-D,1605089564,1,inbox,0,53
55,Заявка на переводчика,"Добрый день, хотел бы попробовать свои силы в переводе комиксов. Комиксы читаю давно, читаю много, на данный момент читаю Incredible Hulk 1962 (оригинальная серия, начиная с первого появления), на русском количество выпусков серии можно по пальцам пересчитать, да и в целом многие отличные вещи проходят мимо русскоговорящего населения из-за отсутствия перевода. Уровень знания английского выше среднего.",3,Dmitry Shichi,1608625674,1,outbox,0,0
56,Заявка на переводчика,"Добрый день, хотел бы попробовать свои силы в переводе комиксов. Комиксы читаю давно, читаю много, на данный момент читаю Incredible Hulk 1962 (оригинальная серия, начиная с первого появления), на русском количество выпусков серии можно по пальцам пересчитать, да и в целом многие отличные вещи проходят мимо русскоговорящего населения из-за отсутствия перевода. Уровень знания английского выше среднего.",3,Dmitry Shichi,1608625674,1,inbox,1,55
57,RE: Заявка на переводчика,"Привет. Ты в курсе, что мы трудимся за идею?<br><br>Вынужден всем этот вопрос задавать. :)",1088,Oleg-D,1608631818,0,outbox,0,0
58,RE: Заявка на переводчика,"Привет. Ты в курсе, что мы трудимся за идею?<br><br>Вынужден всем этот вопрос задавать. :)",1088,Oleg-D,1608631818,0,inbox,0,57
61,RE: Набор в команду. Тайпер,"Привет. Мы научим, было б у тебя желание учиться.<br><br>https://yadi.sk/d/HLsABMGZ096q_w комикс<br><br>https://yadi.sk/i/N3dNoXhaC-WMUQ перевод (ищи страницы по номерам на картинках)<br><br>https://yadi.sk/d/W-_VYbyGPEKd7Q шрифт для тайпа<br><br>https://yadi.sk/i/ydyYVdPbukxkv инструкция с примерами.<br><br>Схема такая: делаешь 5 страниц, сохраняешь в JPG, архив заливаешь на обменник, кидаешь мне. Я выписываю правки, ты их исправляешь. И так до победного.<br><br>На тест даём 2 недели.<br><br>Будут вопросы - пиши.",1093,Oleg-D,1609609223,1,inbox,1,60
62,RE: Набор в команду. Тайпер,https://yadi.sk/d/a9tID1Q5MSW2EQ,3,Rock Forever,1609684202,1,outbox,0,0
65,RE: Набор в команду. Тайпер,"<!--QuoteBegin--><div class=""quote""><!--QuoteEBegin-->https://yadi.sk/d/a9tID1Q5MSW2EQ<!--QuoteEnd--></div><!--QuoteEEnd--><br><br>Почему такой разброс страниц? :)<br><br>Первые правки:<br>Верни файлам оригинальные названия. Увеличь межстрочный немного (у тебя из-за Ё строчки сливаются).",1093,Oleg-D,1609685294,1,inbox,1,64
68,RE: Набор в команду. Тайпер,"Логичнее всё-таки по порядку делать. Ну ладно, пока тестовый комикс, можно и так.",1093,Oleg-D,1609730707,1,inbox,0,67
70,RE: Набор в команду. Тайпер,"По вопросу 1: тут нужно наложение градиента, но сперва придётся пузырь такой \""повторить\"".<br><br>По пунктам:<br>1: Выделяешь его волшебной палочкой (инструмент на панели слева). Жмёшь шифт, чтобы добавить к выделению новую область (тыкая в неё курсором), потому как волшебная палочка не всемогущая и сразу всю нужную область выделяет не всегда (она остро реагирует на переходы цветов).<br>2: Зажимаешь левый альт, тыкаешь курсором, чтобы убрать лишнее (если случайно волшебная палочка захватила и выделила, например, костюм пришельца).<br>3: Кликаешь правой кнопкой на выделенной зоне, выбираешь \""скопировать на новый слой\"".<br>4: В окошке слоёв справа кликай на этот новый слой, выбирай \""параметры наложения\"" (верхний пункт обычно).<br>5: Пока выбери пункт \""наложение обводки\"" (из параметров можно выставить положение \""внутри\"" и цвет поярче, чтобы выделятся на странице).<br>6: Берёшь ластик, стираешь вокруг твоего пузыря всё лишнее (обводка как раз и нужна, чтобы видеть форму твоего пузыря). Аккуратно повторяешь форму оригинального пузыря (чтоб нигде не торчало и не было стёрто лишнего).<br>7: Снова \""параметры наложения\"" на пузырь. Обводку убираешь, а выбираешь пункт \""градиент\"". Ставишь градус 0 (положение \""сверху вниз\""), выбираешь из предложенных вариантов двухцветный. Дальше вместо оригинального чёрного пипеткой выбираешь зелёный, как в комиксе. Ну и чтобы цвета совпадали (сверху белый, снизу зелёный).<br><br>https://yadi.sk/d/AbxVEExlVzCTXA вот шрифт для инопланетянина.<br><br>Второй пузырь (ниже) делаешь по той же схеме. <br><br>По второму вопросу: <br><br>Пузыри, где текст вылезает за край обводки, не трогай вообще, их сделает оформитель.",1093,Oleg-D,1609731570,1,inbox,0,69
72,RE: Набор в команду. Тайпер,https://yadi.sk/d/QvCzcwp6pmGdhw держи правки. Неплохое начало. Тебе нужно к форме текста привыкнуть. Но это приходит с опытом.,1093,Oleg-D,1609740716,1,inbox,1,71
73,RE: Набор в команду RPU,Привет. Ты куда пропал? Забил на тест?,1076,Oleg-D,1609740819,1,outbox,0,0
74,RE: Набор в команду RPU,Привет. Ты куда пропал? Забил на тест?,1076,Oleg-D,1609740819,1,inbox,1,73
75,RE: Набор в команду RPU,"<!--QuoteBegin--><div class=""quote""><!--QuoteEBegin-->Привет. Ты куда пропал? Забил на тест?<!--QuoteEnd--></div><!--QuoteEEnd--><br>Да.",3,esf,1610196942,1,inbox,0,0
76,RE: Набор в команду RPU,"<!--QuoteBegin--><div class=""quote""><!--QuoteEBegin-->Привет. Ты куда пропал? Забил на тест?<!--QuoteEnd--></div><!--QuoteEEnd--><br>А как прикрепить файл сюда?",3,esf,1610212051,1,inbox,1,0
77,RE: Набор в команду RPU,"<!--QuoteBegin--><div class=""quote""><!--QuoteEBegin--><!--QuoteBegin--><div class=""quote""><!--QuoteEBegin-->Привет. Ты куда пропал? Забил на тест?<!--QuoteEnd--></div><!--QuoteEEnd--><br>А как прикрепить файл сюда?<!--QuoteEnd--></div><!--QuoteEEnd--><br><br>Файл заливается на обменник, а ссылку уже сюда. Ты ж вроде передумал? :)",1076,Oleg-D,1610213290,1,outbox,0,0
78,RE: Набор в команду RPU,"<!--QuoteBegin--><div class=""quote""><!--QuoteEBegin--><!--QuoteBegin--><div class=""quote""><!--QuoteEBegin-->Привет. Ты куда пропал? Забил на тест?<!--QuoteEnd--></div><!--QuoteEEnd--><br>А как прикрепить файл сюда?<!--QuoteEnd--></div><!--QuoteEEnd--><br><br>Файл заливается на обменник, а ссылку уже сюда. Ты ж вроде передумал? :)",1076,Oleg-D,1610213290,1,inbox,1,77
79,RE: Набор в команду RPU,"<!--QuoteBegin--><div class=""quote""><!--QuoteEBegin--><!--QuoteBegin--><div class=""quote""><!--QuoteEBegin--><!--QuoteBegin--><div class=""quote""><!--QuoteEBegin-->Привет. Ты куда пропал? Забил на тест?<!--QuoteEnd--></div><!--QuoteEEnd--><br>А как прикрепить файл сюда?<!--QuoteEnd--></div><!--QuoteEEnd--><br><br>Файл заливается на обменник, а ссылку уже сюда. Ты ж вроде передумал? :)<!--QuoteEnd--></div><!--QuoteEEnd--><br>В интернете пишут, что лучший файлообменник - dropmefiles, тогда вот ссылка - https://dropmefiles.com/rV0JX",3,esf,1610217115,1,outbox,0,0
80,RE: Набор в команду RPU,"<!--QuoteBegin--><div class=""quote""><!--QuoteEBegin--><!--QuoteBegin--><div class=""quote""><!--QuoteEBegin--><!--QuoteBegin--><div class=""quote""><!--QuoteEBegin-->Привет. Ты куда пропал? Забил на тест?<!--QuoteEnd--></div><!--QuoteEEnd--><br>А как прикрепить файл сюда?<!--QuoteEnd--></div><!--QuoteEEnd--><br><br>Файл заливается на обменник, а ссылку уже сюда. Ты ж вроде передумал? :)<!--QuoteEnd--></div><!--QuoteEEnd--><br>В интернете пишут, что лучший файлообменник - dropmefiles, тогда вот ссылка - https://dropmefiles.com/rV0JX",3,esf,1610217115,1,inbox,1,79
81,RE: Набор в команду RPU,"<!--QuoteBegin--><div class=""quote""><!--QuoteEBegin--><!--QuoteBegin--><div class=""quote""><!--QuoteEBegin--><!--QuoteBegin--><div class=""quote""><!--QuoteEBegin--><!--QuoteBegin--><div class=""quote""><!--QuoteEBegin-->Привет. Ты куда пропал? Забил на тест?<!--QuoteEnd--></div><!--QuoteEEnd--><br>А как прикрепить файл сюда?<!--QuoteEnd--></div><!--QuoteEEnd--><br><br>Файл заливается на обменник, а ссылку уже сюда. Ты ж вроде передумал? :)<!--QuoteEnd--></div><!--QuoteEEnd--><br>В интернете пишут, что лучший файлообменник - dropmefiles, тогда вот ссылка - https://dropmefiles.com/rV0JX<!--QuoteEnd--></div><!--QuoteEEnd--><br><br>Хорошо. Жди вердикт.",1076,Oleg-D,1610219461,1,inbox,0,0
82,RE: Набор в команду RPU,"Привет.<br><br>Глянул перевод. Вполне неплохо получилось. Если не передумал, мы тебя берём. :)",1076,Oleg-D,1610361142,1,outbox,0,0
83,RE: Набор в команду RPU,"Привет.<br><br>Глянул перевод. Вполне неплохо получилось. Если не передумал, мы тебя берём. :)",1076,Oleg-D,1610361142,1,inbox,1,82
86,RE: Набор в команду. Тайпер,"<!--QuoteBegin--><div class=""quote""><!--QuoteEBegin-->Привет. Я не смогу быть тайпером. 2020 еще не закончился. Извиняюсь за беспокойство.<!--QuoteEnd--></div><!--QuoteEEnd--><br><br>Ну как хочешь. Заставлять никто не будет.",1093,Oleg-D,1610477807,1,inbox,0,85
87,RE: Набор в команду RPU,"<!--QuoteBegin--><div class=""quote""><!--QuoteEBegin-->Привет.<br><br>Глянул перевод. Вполне неплохо получилось. Если не передумал, мы тебя берём. :)<!--QuoteEnd--></div><!--QuoteEEnd--><br>Конечно не передумал)<br>Остался вопрос: как будем сотрудничать? Ты присылаешь комикс, я перевожу и высылаю Вордовский документ?",3,esf,1610990075,1,inbox,1,0
88,RE: Набор в команду RPU,"<!--QuoteBegin--><div class=""quote""><!--QuoteEBegin--><!--QuoteBegin--><div class=""quote""><!--QuoteEBegin-->Привет.<br><br>Глянул перевод. Вполне неплохо получилось. Если не передумал, мы тебя берём. :)<!--QuoteEnd--></div><!--QuoteEEnd--><br>Конечно не передумал)<br>Остался вопрос: как будем сотрудничать? Ты присылаешь комикс, я перевожу и высылаю Вордовский документ?<!--QuoteEnd--></div><!--QuoteEEnd-->",1076,Oleg-D,1610991487,1,outbox,0,0
89,RE: Набор в команду RPU,"<!--QuoteBegin--><div class=""quote""><!--QuoteEBegin--><!--QuoteBegin--><div class=""quote""><!--QuoteEBegin-->Привет.<br><br>Глянул перевод. Вполне неплохо получилось. Если не передумал, мы тебя берём. :)<!--QuoteEnd--></div><!--QuoteEEnd--><br>Конечно не передумал)<br>Остался вопрос: как будем сотрудничать? Ты присылаешь комикс, я перевожу и высылаю Вордовский документ?<!--QuoteEnd--></div><!--QuoteEEnd-->",1076,Oleg-D,1610991487,1,inbox,0,88
90,RE: Набор в команду RPU,"<!--QuoteBegin--><div class=""quote""><!--QuoteEBegin--><!--QuoteBegin--><div class=""quote""><!--QuoteEBegin-->Привет.<br><br>Глянул перевод. Вполне неплохо получилось. Если не передумал, мы тебя берём. :)<!--QuoteEnd--></div><!--QuoteEEnd--><br>Конечно не передумал)<br>Остался вопрос: как будем сотрудничать? Ты присылаешь комикс, я перевожу и высылаю Вордовский документ?<!--QuoteEnd--></div><!--QuoteEEnd--><br><br>Привет. Не туда нажал, отправил пустое письмо. :)<br><br>Да, так обычно и действуем.<br><br>Если хочешь, свяжись со мной в ВК (может, там удобнее будет). https://vk.com/olegd82<br><br>Стандартные вопросы: под каким ником тебя записывать и какого числа у тебя ДР?<br><br>Схема у нас такая: 5 переводов сдашь - это будет твой \""испытательный срок\"". Дальше уже сможешь свои лимитки продвигать. То есть чем быстрее переведёшь, тем тебе же лучше. А так на перевод можно тратить 3-4 недели.<br><br>Если захочешь, я тебе потом на все вопросы отвечу. :)<br><br>https://readcomiconline.to/Comic/Spider-Man-With-Great-Power/Issue-4?id=107613 а пока вот твоё следующее задание.",1076,Oleg-D,1610992493,1,outbox,0,0
91,RE: Набор в команду RPU,"<!--QuoteBegin--><div class=""quote""><!--QuoteEBegin--><!--QuoteBegin--><div class=""quote""><!--QuoteEBegin-->Привет.<br><br>Глянул перевод. Вполне неплохо получилось. Если не передумал, мы тебя берём. :)<!--QuoteEnd--></div><!--QuoteEEnd--><br>Конечно не передумал)<br>Остался вопрос: как будем сотрудничать? Ты присылаешь комикс, я перевожу и высылаю Вордовский документ?<!--QuoteEnd--></div><!--QuoteEEnd--><br><br>Привет. Не туда нажал, отправил пустое письмо. :)<br><br>Да, так обычно и действуем.<br><br>Если хочешь, свяжись со мной в ВК (может, там удобнее будет). https://vk.com/olegd82<br><br>Стандартные вопросы: под каким ником тебя записывать и какого числа у тебя ДР?<br><br>Схема у нас такая: 5 переводов сдашь - это будет твой \""испытательный срок\"". Дальше уже сможешь свои лимитки продвигать. То есть чем быстрее переведёшь, тем тебе же лучше. А так на перевод можно тратить 3-4 недели.<br><br>Если захочешь, я тебе потом на все вопросы отвечу. :)<br><br>https://readcomiconline.to/Comic/Spider-Man-With-Great-Power/Issue-4?id=107613 а пока вот твоё следующее задание.",1076,Oleg-D,1610992493,1,inbox,0,90
92,RE: Набор в команду RPU,"Кстати, насчёт переводов: не забывай указывать номера страниц (в онлайн-читалке сверху указаны, а в архивах - по файлам JPG). Иначе трудно будет ориентироваться в тексте при оформлении.",1076,Oleg-D,1611052516,1,outbox,0,0
93,RE: Набор в команду RPU,"Кстати, насчёт переводов: не забывай указывать номера страниц (в онлайн-читалке сверху указаны, а в архивах - по файлам JPG). Иначе трудно будет ориентироваться в тексте при оформлении.",1076,Oleg-D,1611052516,1,inbox,1,92
94,Заявка на переводчика,Привет! Я бы хотел заняться переводом комиксов для вашего сайта. Могу ли я получить один выпуск для перевода?,3,Bartissimo,1612256972,1,outbox,0,0
95,Заявка на переводчика,Привет! Я бы хотел заняться переводом комиксов для вашего сайта. Могу ли я получить один выпуск для перевода?,3,Bartissimo,1612256972,1,inbox,1,94
96,RE: Заявка на переводчика,"Привет.<br><br>Надеюсь, ты в курсе, что мы трудимся за идею и печеньки? :)<br><br>Если да, вот комикс: https://readcomiconline.to/Comic/The-Amazing-Spider-Man-1963/Issue-261?id=4496<br><br>Требования к переводу:<br>Перевод делать в вордовском документе<br>Переводить нужно всё (включая авторов и всякие надписи). Звуки можно не переводить.<br>Указывать номера страниц согласно файлам (отделяя цифры от текста).<br>Каждый пузырь или табличка - с отдельной строки.<br>Также нужно выделять жирным + курсивом слова, выделенные в оригинале. <br><br>На тест даём 2 недели.<br><br>Будут вопросы - пиши.",1104,Oleg-D,1612322009,1,outbox,0,0
97,RE: Заявка на переводчика,"Привет.<br><br>Надеюсь, ты в курсе, что мы трудимся за идею и печеньки? :)<br><br>Если да, вот комикс: https://readcomiconline.to/Comic/The-Amazing-Spider-Man-1963/Issue-261?id=4496<br><br>Требования к переводу:<br>Перевод делать в вордовском документе<br>Переводить нужно всё (включая авторов и всякие надписи). Звуки можно не переводить.<br>Указывать номера страниц согласно файлам (отделяя цифры от текста).<br>Каждый пузырь или табличка - с отдельной строки.<br>Также нужно выделять жирным + курсивом слова, выделенные в оригинале. <br><br>На тест даём 2 недели.<br><br>Будут вопросы - пиши.",1104,Oleg-D,1612322009,1,inbox,1,96
98,RE: Заявка на переводчика,"<!--QuoteBegin--><div class=""quote""><!--QuoteEBegin-->Привет.<br><br>Надеюсь, ты в курсе, что мы трудимся за идею и печеньки? :)<br><br>Если да, вот комикс: https://readcomiconline.to/Comic/The-Amazing-Spider-Man-1963/Issue-261?id=4496<br><br>Требования к переводу:<br>Перевод делать в вордовском документе<br>Переводить нужно всё (включая авторов и всякие надписи). Звуки можно не переводить.<br>Указывать номера страниц согласно файлам (отделяя цифры от текста).<br>Каждый пузырь или табличка - с отдельной строки.<br>Также нужно выделять жирным + курсивом слова, выделенные в оригинале.<br><br>На тест даём 2 недели.<br><br>Будут вопросы - пиши.<!--QuoteEnd--></div><!--QuoteEEnd--><br><br>https://drive.google.com/file/d/1K_lTU3euo7hp5Wv1DIpB8UzQvbnCOYdh/view?usp=shar<br />ing<br><br>Готово =)",3,Bartissimo,1612590603,1,outbox,0,0
99,RE: Заявка на переводчика,"<!--QuoteBegin--><div class=""quote""><!--QuoteEBegin-->Привет.<br><br>Надеюсь, ты в курсе, что мы трудимся за идею и печеньки? :)<br><br>Если да, вот комикс: https://readcomiconline.to/Comic/The-Amazing-Spider-Man-1963/Issue-261?id=4496<br><br>Требования к переводу:<br>Перевод делать в вордовском документе<br>Переводить нужно всё (включая авторов и всякие надписи). Звуки можно не переводить.<br>Указывать номера страниц согласно файлам (отделяя цифры от текста).<br>Каждый пузырь или табличка - с отдельной строки.<br>Также нужно выделять жирным + курсивом слова, выделенные в оригинале.<br><br>На тест даём 2 недели.<br><br>Будут вопросы - пиши.<!--QuoteEnd--></div><!--QuoteEEnd--><br><br>https://drive.google.com/file/d/1K_lTU3euo7hp5Wv1DIpB8UzQvbnCOYdh/view?usp=shar<br />ing<br><br>Готово =)",3,Bartissimo,1612590603,1,inbox,1,98
100,RE: Заявка на переводчика,"<!--QuoteBegin--><div class=""quote""><!--QuoteEBegin--><!--QuoteBegin--><div class=""quote""><!--QuoteEBegin-->Привет.<br><br>Надеюсь, ты в курсе, что мы трудимся за идею и печеньки? :)<br><br>Если да, вот комикс: https://readcomiconline.to/Comic/The-Amazing-Spider-Man-1963/Issue-261?id=4496<br><br>Требования к переводу:<br>Перевод делать в вордовском документе<br>Переводить нужно всё (включая авторов и всякие надписи). Звуки можно не переводить.<br>Указывать номера страниц согласно файлам (отделяя цифры от текста).<br>Каждый пузырь или табличка - с отдельной строки.<br>Также нужно выделять жирным + курсивом слова, выделенные в оригинале.<br><br>На тест даём 2 недели.<br><br>Будут вопросы - пиши.<!--QuoteEnd--></div><!--QuoteEEnd--><br><br>https://drive.google.com/file/d/1K_lTU3euo7hp5Wv1DIpB8UzQvbnCOYdh/view?usp=shar<br>ing<br><br>Готово =)<!--QuoteEnd--></div><!--QuoteEEnd-->",1104,Oleg-D,1612590766,1,outbox,0,0
101,RE: Заявка на переводчика,"<!--QuoteBegin--><div class=""quote""><!--QuoteEBegin--><!--QuoteBegin--><div class=""quote""><!--QuoteEBegin-->Привет.<br><br>Надеюсь, ты в курсе, что мы трудимся за идею и печеньки? :)<br><br>Если да, вот комикс: https://readcomiconline.to/Comic/The-Amazing-Spider-Man-1963/Issue-261?id=4496<br><br>Требования к переводу:<br>Перевод делать в вордовском документе<br>Переводить нужно всё (включая авторов и всякие надписи). Звуки можно не переводить.<br>Указывать номера страниц согласно файлам (отделяя цифры от текста).<br>Каждый пузырь или табличка - с отдельной строки.<br>Также нужно выделять жирным + курсивом слова, выделенные в оригинале.<br><br>На тест даём 2 недели.<br><br>Будут вопросы - пиши.<!--QuoteEnd--></div><!--QuoteEEnd--><br><br>https://drive.google.com/file/d/1K_lTU3euo7hp5Wv1DIpB8UzQvbnCOYdh/view?usp=shar<br>ing<br><br>Готово =)<!--QuoteEnd--></div><!--QuoteEEnd-->",1104,Oleg-D,1612590766,1,inbox,0,100
102,RE: Заявка на переводчика,"Привет. Извиняй, пустое письмо отправил. До сих пор не разобрался с функционалом новой лички. :)<br><br>По переводу: буду проверять, жди вердикт. Завтра вечером ориентировочно.",1104,Oleg-D,1612590824,1,outbox,0,0
103,RE: Заявка на переводчика,"Привет. Извиняй, пустое письмо отправил. До сих пор не разобрался с функционалом новой лички. :)<br><br>По переводу: буду проверять, жди вердикт. Завтра вечером ориентировочно.",1104,Oleg-D,1612590824,1,inbox,0,102
104,RE: Заявка на переводчика,"Привет. <br><br>Посмотрел перевод. Вполне неплохо получилось. Так что мы тебя берём. :)<br><br>Но на будущее: не пиши капслоком.<br><br>Стандартные вопросы: какого числа у тебя днюха и под каким ником тебя записывать?<br><br>Первые 5 переводов после вступления новички выбирают из нашего списка. Дальше уже сможешь продвигать свои истории.<br><br>Что тебе предложить: Марвел, ДС или что-нибудь другое?<br><br>https://vk.com/olegd82 можешь добавляться в ВК, основной движ там, если что.",1104,Oleg-D,1612693556,1,outbox,0,0
105,RE: Заявка на переводчика,"Привет. <br><br>Посмотрел перевод. Вполне неплохо получилось. Так что мы тебя берём. :)<br><br>Но на будущее: не пиши капслоком.<br><br>Стандартные вопросы: какого числа у тебя днюха и под каким ником тебя записывать?<br><br>Первые 5 переводов после вступления новички выбирают из нашего списка. Дальше уже сможешь продвигать свои истории.<br><br>Что тебе предложить: Марвел, ДС или что-нибудь другое?<br><br>https://vk.com/olegd82 можешь добавляться в ВК, основной движ там, если что.",1104,Oleg-D,1612693556,1,inbox,1,104
106,RE: Заявка на переводчика,"<!--QuoteBegin--><div class=""quote""><!--QuoteEBegin-->Привет. <br><br>Посмотрел перевод. Вполне неплохо получилось. Так что мы тебя берём. :)<br><br>Но на будущее: не пиши капслоком.<br><br>Стандартные вопросы: какого числа у тебя днюха и под каким ником тебя записывать?<br><br>Первые 5 переводов после вступления новички выбирают из нашего списка. Дальше уже сможешь продвигать свои истории.<br><br>Что тебе предложить: Марвел, ДС или что-нибудь другое?<br><br>https://vk.com/olegd82 можешь добавляться в ВК, основной движ там, если что.<!--QuoteEnd--></div><!--QuoteEEnd--><br><br>Отлично =). Про капс учту. др 13 августа. Мне бы хотелось, чтобы я был записан под своим настоящим именем: Денис Гитько. Но если ник обязателен, тогда все же Bartissimo.<br>По поводу чего предложить: Марвел или ДЦ некритично, там есть куча интересных ранов (Immortal Hulk, к примеру), еще мне интересна серия TMNT от IDW, но это, опять же, тоже необязательно. Желательно более-менее новые выпуски, если это возможно.",3,Bartissimo,1612743221,1,outbox,0,0
107,RE: Заявка на переводчика,"<!--QuoteBegin--><div class=""quote""><!--QuoteEBegin-->Привет. <br><br>Посмотрел перевод. Вполне неплохо получилось. Так что мы тебя берём. :)<br><br>Но на будущее: не пиши капслоком.<br><br>Стандартные вопросы: какого числа у тебя днюха и под каким ником тебя записывать?<br><br>Первые 5 переводов после вступления новички выбирают из нашего списка. Дальше уже сможешь продвигать свои истории.<br><br>Что тебе предложить: Марвел, ДС или что-нибудь другое?<br><br>https://vk.com/olegd82 можешь добавляться в ВК, основной движ там, если что.<!--QuoteEnd--></div><!--QuoteEEnd--><br><br>Отлично =). Про капс учту. др 13 августа. Мне бы хотелось, чтобы я был записан под своим настоящим именем: Денис Гитько. Но если ник обязателен, тогда все же Bartissimo.<br>По поводу чего предложить: Марвел или ДЦ некритично, там есть куча интересных ранов (Immortal Hulk, к примеру), еще мне интересна серия TMNT от IDW, но это, опять же, тоже необязательно. Желательно более-менее новые выпуски, если это возможно.",3,Bartissimo,1612743221,1,inbox,1,106
108,RE: Заявка на переводчика,"Отлично =). Про капс учту. др 13 августа. Мне бы хотелось, чтобы я был записан под своим настоящим именем: Денис Гитько. Но если ник обязателен, тогда все же Bartissimo.<br>По поводу чего предложить: Марвел или ДЦ некритично, там есть куча интересных ранов (Immortal Hulk, к примеру), еще мне интересна серия TMNT от IDW, но это, опять же, тоже необязательно. Желательно более-менее новые выпуски, если это возможно.[/quote]<br><br>Привет. Имя так имя. Тренд последнее время такой. :)<br><br>Халка и черепах не обещаю (первого делает другая команда, а вторых вообще издают активно), но выбор есть:<br><br>https://readcomiconline.to/Comic/Spider-Man-Unlimited-1993/Issue-10?id=44520 Сага о клонах из 90-х.<br>https://yadi.sk/d/S24jdUPFPzK7wA Каратель в космосе<br>https://yadi.sk/d/Qea4MKZWbVenTg Вампирелла<br>https://readcomiconline.to/Comic/The-Amazing-Spider-Man-1963/Issue-260?id=4495 ещё старый Паучок (этого добра у нас много :)))<br>https://yadi.sk/d/Qsi9-V7aokjtbg Клинок Ведьм<br>https://yadi.sk/d/Zj4UWRSe8_CWxQ Симпсоны<br>https://yadi.sk/d/gcMiFj2zM4H8uw Железный Человек<br><br>Ну и всякое разное:<br>https://readcomiconline.to/Comic/A-Hero-s-Death/Full?id=89182#1<br>https://readcomiconline.to/Comic/Mickey-Spillane-s-Mike-Hammer/Issue-1?id=15034<br />3#1<br>https://readcomiconline.to/Comic/Paranoia/Issue-1?id=123245#1<br>https://readcomiconline.to/Comic/Strange-Fruit<br>https://readcomiconline.to/Comic/Marvel-Graphic-Novel/Issue-23-Dr-Strange-Into-<br />Shamballa?id=49873#1<br>https://readcomiconline.to/Comic/Marvel-Graphic-Novel/Issue-11-Void-Indigo?id=4<br />9839#1<br>https://readcomiconline.to/Comic/Marvel-Graphic-Novel/UK-Issue-3-The-Chronicles<br />-of-Genghis-Grimtoad?id=49949#1<br><br>Выбирай. :)",1104,Oleg-D,1612754955,1,outbox,0,0
109,RE: Заявка на переводчика,"Отлично =). Про капс учту. др 13 августа. Мне бы хотелось, чтобы я был записан под своим настоящим именем: Денис Гитько. Но если ник обязателен, тогда все же Bartissimo.<br>По поводу чего предложить: Марвел или ДЦ некритично, там есть куча интересных ранов (Immortal Hulk, к примеру), еще мне интересна серия TMNT от IDW, но это, опять же, тоже необязательно. Желательно более-менее новые выпуски, если это возможно.[/quote]<br><br>Привет. Имя так имя. Тренд последнее время такой. :)<br><br>Халка и черепах не обещаю (первого делает другая команда, а вторых вообще издают активно), но выбор есть:<br><br>https://readcomiconline.to/Comic/Spider-Man-Unlimited-1993/Issue-10?id=44520 Сага о клонах из 90-х.<br>https://yadi.sk/d/S24jdUPFPzK7wA Каратель в космосе<br>https://yadi.sk/d/Qea4MKZWbVenTg Вампирелла<br>https://readcomiconline.to/Comic/The-Amazing-Spider-Man-1963/Issue-260?id=4495 ещё старый Паучок (этого добра у нас много :)))<br>https://yadi.sk/d/Qsi9-V7aokjtbg Клинок Ведьм<br>https://yadi.sk/d/Zj4UWRSe8_CWxQ Симпсоны<br>https://yadi.sk/d/gcMiFj2zM4H8uw Железный Человек<br><br>Ну и всякое разное:<br>https://readcomiconline.to/Comic/A-Hero-s-Death/Full?id=89182#1<br>https://readcomiconline.to/Comic/Mickey-Spillane-s-Mike-Hammer/Issue-1?id=15034<br />3#1<br>https://readcomiconline.to/Comic/Paranoia/Issue-1?id=123245#1<br>https://readcomiconline.to/Comic/Strange-Fruit<br>https://readcomiconline.to/Comic/Marvel-Graphic-Novel/Issue-23-Dr-Strange-Into-<br />Shamballa?id=49873#1<br>https://readcomiconline.to/Comic/Marvel-Graphic-Novel/Issue-11-Void-Indigo?id=4<br />9839#1<br>https://readcomiconline.to/Comic/Marvel-Graphic-Novel/UK-Issue-3-The-Chronicles<br />-of-Genghis-Grimtoad?id=49949#1<br><br>Выбирай. :)",1104,Oleg-D,1612754955,1,inbox,0,108
110,RE: Набор в команду RPU,"Извини, мало времени, не могу переводить. Я передумал.",3,esf,1613203987,1,outbox,0,0
111,RE: Набор в команду RPU,"Извини, мало времени, не могу переводить. Я передумал.",3,esf,1613203987,1,inbox,1,110
112,RE: Набор в команду RPU,"Привет. Жаль, конечно. Ну ладно. Надумаешь, приходи, благо тест ты сдал.",1076,Oleg-D,1613225280,1,outbox,0,0
113,RE: Набор в команду RPU,"Привет. Жаль, конечно. Ну ладно. Надумаешь, приходи, благо тест ты сдал.",1076,Oleg-D,1613225280,1,inbox,0,112
114,Диджитал С-М,"Олежка привет, в паучьем классическом мире есть такая мини-серия, как \""Mad Dog Ward\"". Туда входят всего 3 номера:<br><ul><li>1-3 Web of Spider-Man #33 - What\'s The Matter With Mommy?</li><li>2-3 The Spectacular Spider-Man #133 - I Am Spider!</li><li>3-3 The Amazing Spider-Man #295 - Mad Dogs</li></ul><br>Так-как трудно найти диджитал сканы 1-го номера и 3-го, то я хочу поделиться ссылкой, где их можно скачать <br>https://viewcomics.me/amazing-spider-man-epic-collection/issue-venom-part-1<br><br>Сохрани эту ссылку себе или кинь парням, кто любит занимаеться пауком :)",3,HellWell,1615718358,1,outbox,0,0
115,Диджитал С-М,"Олежка привет, в паучьем классическом мире есть такая мини-серия, как \""Mad Dog Ward\"". Туда входят всего 3 номера:<br><ul><li>1-3 Web of Spider-Man #33 - What\'s The Matter With Mommy?</li><li>2-3 The Spectacular Spider-Man #133 - I Am Spider!</li><li>3-3 The Amazing Spider-Man #295 - Mad Dogs</li></ul><br>Так-как трудно найти диджитал сканы 1-го номера и 3-го, то я хочу поделиться ссылкой, где их можно скачать <br>https://viewcomics.me/amazing-spider-man-epic-collection/issue-venom-part-1<br><br>Сохрани эту ссылку себе или кинь парням, кто любит занимаеться пауком :)",3,HellWell,1615718358,1,inbox,1,114
116,RE: Диджитал С-М,"<!--QuoteBegin--><div class=""quote""><!--QuoteEBegin-->Олежка привет, в паучьем классическом мире есть такая мини-серия, как \""Mad Dog Ward\"". Туда входят всего 3 номера:<br><ul><li>1-3 Web of Spider-Man #33 - What\'s The Matter With Mommy?</li><li>2-3 The Spectacular Spider-Man #133 - I Am Spider!</li><li>3-3 The Amazing Spider-Man #295 - Mad Dogs</li></ul><br>Так-как трудно найти диджитал сканы 1-го номера и 3-го, то я хочу поделиться ссылкой, где их можно скачать <br>https://viewcomics.me/amazing-spider-man-epic-collection/issue-venom-part-1<br><br>Сохрани эту ссылку себе или кинь парням, кто любит занимаеться пауком :)<!--QuoteEnd--></div><!--QuoteEEnd--><br><br>Ладно, спасибо.",1115,Oleg-D,1615725312,1,inbox,1,0
118,RE: Диджитал С-М,"<!--QuoteBegin--><div class=""quote""><!--QuoteEBegin--><!--QuoteBegin--><div class=""quote""><!--QuoteEBegin-->Олежка привет, в паучьем классическом мире есть такая мини-серия, как \""Mad Dog Ward\"". Туда входят всего 3 номера:<br><ul><li>1-3 Web of Spider-Man #33 - What\'s The Matter With Mommy?</li><li>2-3 The Spectacular Spider-Man #133 - I Am Spider!</li><li>3-3 The Amazing Spider-Man #295 - Mad Dogs</li></ul><br>Так-как трудно найти диджитал сканы 1-го номера и 3-го, то я хочу поделиться ссылкой, где их можно скачать <br>https://viewcomics.me/amazing-spider-man-epic-collection/issue-venom-part-1<br><br>Сохрани эту ссылку себе или кинь парням, кто любит занимаеться пауком :)<!--QuoteEnd--></div><!--QuoteEEnd--><br><br>Ладно, спасибо.<!--QuoteEnd--></div><!--QuoteEEnd--><br><br>Слушай Олежка, а вам тайпер случайно не нужен?) <br><br>Я в своё время оформил сотню комиксов. Затем прошла студенческая жизнь и пять лет ничего не оформлял. Но сейчас душа требует вернуться назад в сканлейт :) <br>Меня только в вк нет, так-как не люблю соц. сети. Но я в телеге чуть-ли не 24/7 <br>Найти можно под ником <b>@yuriyod</b> или по номеру <b>+380(63)1140146</b><br>Инста: <b>_u300792</b><br><br>Вот список оформленного:<br>https://comicsdb.ru/search/people/Powerlifter?order=translate_date&amp;directio<br />n=desc",3,HellWell,1615742453,1,inbox,1,117
119,RE: Диджитал С-М,"<!--QuoteBegin--><div class=""quote""><!--QuoteEBegin--><!--QuoteBegin--><div class=""quote""><!--QuoteEBegin--><!--QuoteBegin--><div class=""quote""><!--QuoteEBegin-->Олежка привет, в паучьем классическом мире есть такая мини-серия, как \""Mad Dog Ward\"". Туда входят всего 3 номера:<br><ul><li>1-3 Web of Spider-Man #33 - What\'s The Matter With Mommy?</li><li>2-3 The Spectacular Spider-Man #133 - I Am Spider!</li><li>3-3 The Amazing Spider-Man #295 - Mad Dogs</li></ul><br>Так-как трудно найти диджитал сканы 1-го номера и 3-го, то я хочу поделиться ссылкой, где их можно скачать <br>https://viewcomics.me/amazing-spider-man-epic-collection/issue-venom-part-1<br><br>Сохрани эту ссылку себе или кинь парням, кто любит занимаеться пауком :)<!--QuoteEnd--></div><!--QuoteEEnd--><br><br>Ладно, спасибо.<!--QuoteEnd--></div><!--QuoteEEnd--><br><br>Слушай Олежка, а вам тайпер случайно не нужен?) <br><br>Я в своё время оформил сотню комиксов. Затем прошла студенческая жизнь и пять лет ничего не оформлял. Но сейчас душа требует вернуться назад в сканлейт :) <br>Меня только в вк нет, так-как не люблю соц. сети. Но я в телеге чуть-ли не 24/7 <br>Найти можно под ником <b>@yuriyod</b> или по номеру <b>+380(63)1140146</b><br>Инста: <b>_u300792</b><br><br>Вот список оформленного:<br>https://comicsdb.ru/search/people/Powerlifter?order=translate_date&amp;directio<br>n=desc<!--QuoteEnd--></div><!--QuoteEEnd--><br><br>Тайперы всегда нужны. Только сразу предупреждаю: правок будет много. :)<br><br>Насчёт связи: дискорд или скайп не котируются? :) В инстаграмме я даже не знаю, как сообщения писать. :D<br><br>https://yadi.sk/d/81bk45zj8Hzr_w тестовый комикс.<br><br>https://yadi.sk/i/N3dNoXhaC-WMUQ перевод<br><br>https://yadi.sk/d/W-_VYbyGPEKd7Q шрифт для большинства пузырей<br><br>https://yadi.sk/d/Ilo-ZxYIKoEVOA шрифт для пришельцев.<br><br>https://yadi.sk/i/ydyYVdPbukxkv - инструкция (даю новичкам, но, возможно, ты действовал по-другой механике).<br><br>Тестовый комикс мы обрабатываем по такой схеме: тайпишь 5 страниц, архивируешь в JPG и кидаешь мне. Я выписываю ошибки, ты их исправляешь. Доводим до ума первые 5 страниц, переходим к следующим. И так до победного. Такая схема поначалу очень экономит время и мне, и тайперу. :) У тебя опыт есть, значит, проблем не будет. Зато сразу поймёшь, подходит тебе наша система проверок или нет.",1115,Oleg-D,1615746199,1,outbox,0,0
120,RE: Диджитал С-М,"<!--QuoteBegin--><div class=""quote""><!--QuoteEBegin--><!--QuoteBegin--><div class=""quote""><!--QuoteEBegin--><!--QuoteBegin--><div class=""quote""><!--QuoteEBegin-->Олежка привет, в паучьем классическом мире есть такая мини-серия, как \""Mad Dog Ward\"". Туда входят всего 3 номера:<br><ul><li>1-3 Web of Spider-Man #33 - What\'s The Matter With Mommy?</li><li>2-3 The Spectacular Spider-Man #133 - I Am Spider!</li><li>3-3 The Amazing Spider-Man #295 - Mad Dogs</li></ul><br>Так-как трудно найти диджитал сканы 1-го номера и 3-го, то я хочу поделиться ссылкой, где их можно скачать <br>https://viewcomics.me/amazing-spider-man-epic-collection/issue-venom-part-1<br><br>Сохрани эту ссылку себе или кинь парням, кто любит занимаеться пауком :)<!--QuoteEnd--></div><!--QuoteEEnd--><br><br>Ладно, спасибо.<!--QuoteEnd--></div><!--QuoteEEnd--><br><br>Слушай Олежка, а вам тайпер случайно не нужен?) <br><br>Я в своё время оформил сотню комиксов. Затем прошла студенческая жизнь и пять лет ничего не оформлял. Но сейчас душа требует вернуться назад в сканлейт :) <br>Меня только в вк нет, так-как не люблю соц. сети. Но я в телеге чуть-ли не 24/7 <br>Найти можно под ником <b>@yuriyod</b> или по номеру <b>+380(63)1140146</b><br>Инста: <b>_u300792</b><br><br>Вот список оформленного:<br>https://comicsdb.ru/search/people/Powerlifter?order=translate_date&amp;directio<br>n=desc<!--QuoteEnd--></div><!--QuoteEEnd--><br><br>Тайперы всегда нужны. Только сразу предупреждаю: правок будет много. :)<br><br>Насчёт связи: дискорд или скайп не котируются? :) В инстаграмме я даже не знаю, как сообщения писать. :D<br><br>https://yadi.sk/d/81bk45zj8Hzr_w тестовый комикс.<br><br>https://yadi.sk/i/N3dNoXhaC-WMUQ перевод<br><br>https://yadi.sk/d/W-_VYbyGPEKd7Q шрифт для большинства пузырей<br><br>https://yadi.sk/d/Ilo-ZxYIKoEVOA шрифт для пришельцев.<br><br>https://yadi.sk/i/ydyYVdPbukxkv - инструкция (даю новичкам, но, возможно, ты действовал по-другой механике).<br><br>Тестовый комикс мы обрабатываем по такой схеме: тайпишь 5 страниц, архивируешь в JPG и кидаешь мне. Я выписываю ошибки, ты их исправляешь. Доводим до ума первые 5 страниц, переходим к следующим. И так до победного. Такая схема поначалу очень экономит время и мне, и тайперу. :) У тебя опыт есть, значит, проблем не будет. Зато сразу поймёшь, подходит тебе наша система проверок или нет.",1115,Oleg-D,1615746199,1,inbox,1,119
121,RE: Диджитал С-М,"<!--QuoteBegin--><div class=""quote""><!--QuoteEBegin--><!--QuoteBegin--><div class=""quote""><!--QuoteEBegin--><!--QuoteBegin--><div class=""quote""><!--QuoteEBegin--><!--QuoteBegin--><div class=""quote""><!--QuoteEBegin-->Олежка привет, в паучьем классическом мире есть такая мини-серия, как \""Mad Dog Ward\"". Туда входят всего 3 номера:<br><ul><li>1-3 Web of Spider-Man #33 - What\'s The Matter With Mommy?</li><li>2-3 The Spectacular Spider-Man #133 - I Am Spider!</li><li>3-3 The Amazing Spider-Man #295 - Mad Dogs</li></ul><br>Так-как трудно найти диджитал сканы 1-го номера и 3-го, то я хочу поделиться ссылкой, где их можно скачать <br>https://viewcomics.me/amazing-spider-man-epic-collection/issue-venom-part-1<br><br>Сохрани эту ссылку себе или кинь парням, кто любит занимаеться пауком :)<!--QuoteEnd--></div><!--QuoteEEnd--><br><br>Ладно, спасибо.<!--QuoteEnd--></div><!--QuoteEEnd--><br><br>Слушай Олежка, а вам тайпер случайно не нужен?) <br><br>Я в своё время оформил сотню комиксов. Затем прошла студенческая жизнь и пять лет ничего не оформлял. Но сейчас душа требует вернуться назад в сканлейт :) <br>Меня только в вк нет, так-как не люблю соц. сети. Но я в телеге чуть-ли не 24/7 <br>Найти можно под ником <b>@yuriyod</b> или по номеру <b>+380(63)1140146</b><br>Инста: <b>_u300792</b><br><br>Вот список оформленного:<br>https://comicsdb.ru/search/people/Powerlifter?order=translate_date&amp;directio<br>n=desc<!--QuoteEnd--></div><!--QuoteEEnd--><br><br>Тайперы всегда нужны. Только сразу предупреждаю: правок будет много. :)<br><br>Насчёт связи: дискорд или скайп не котируются? :) В инстаграмме я даже не знаю, как сообщения писать. :D<br><br>https://yadi.sk/d/81bk45zj8Hzr_w тестовый комикс.<br><br>https://yadi.sk/i/N3dNoXhaC-WMUQ перевод<br><br>https://yadi.sk/d/W-_VYbyGPEKd7Q шрифт для большинства пузырей<br><br>https://yadi.sk/d/Ilo-ZxYIKoEVOA шрифт для пришельцев.<br><br>https://yadi.sk/i/ydyYVdPbukxkv - инструкция (даю новичкам, но, возможно, ты действовал по-другой механике).<br><br>Тестовый комикс мы обрабатываем по такой схеме: тайпишь 5 страниц, архивируешь в JPG и кидаешь мне. Я выписываю ошибки, ты их исправляешь. Доводим до ума первые 5 страниц, переходим к следующим. И так до победного. Такая схема поначалу очень экономит время и мне, и тайперу. :) У тебя опыт есть, значит, проблем не будет. Зато сразу поймёшь, подходит тебе наша система проверок или нет.<!--QuoteEnd--></div><!--QuoteEEnd-->",3,HellWell,1615748850,1,inbox,0,0
123,RE: Диджитал С-М,"<!--QuoteBegin--><div class=""quote""><!--QuoteEBegin--><!--QuoteBegin--><div class=""quote""><!--QuoteEBegin--><!--QuoteBegin--><div class=""quote""><!--QuoteEBegin--><!--QuoteBegin--><div class=""quote""><!--QuoteEBegin-->Олежка привет, в паучьем классическом мире есть такая мини-серия, как \""Mad Dog Ward\"". Туда входят всего 3 номера:<br><ul><li>1-3 Web of Spider-Man #33 - What\'s The Matter With Mommy?</li><li>2-3 The Spectacular Spider-Man #133 - I Am Spider!</li><li>3-3 The Amazing Spider-Man #295 - Mad Dogs</li></ul><br>Так-как трудно найти диджитал сканы 1-го номера и 3-го, то я хочу поделиться ссылкой, где их можно скачать <br>https://viewcomics.me/amazing-spider-man-epic-collection/issue-venom-part-1<br><br>Сохрани эту ссылку себе или кинь парням, кто любит занимаеться пауком :)<!--QuoteEnd--></div><!--QuoteEEnd--><br><br>Ладно, спасибо.<!--QuoteEnd--></div><!--QuoteEEnd--><br><br>Слушай Олежка, а вам тайпер случайно не нужен?) <br><br>Я в своё время оформил сотню комиксов. Затем прошла студенческая жизнь и пять лет ничего не оформлял. Но сейчас душа требует вернуться назад в сканлейт :) <br>Меня только в вк нет, так-как не люблю соц. сети. Но я в телеге чуть-ли не 24/7 <br>Найти можно под ником <b>@yuriyod</b> или по номеру <b>+380(63)1140146</b><br>Инста: <b>_u300792</b><br><br>Вот список оформленного:<br>https://comicsdb.ru/search/people/Powerlifter?order=translate_date&amp;directio<br>n=desc<!--QuoteEnd--></div><!--QuoteEEnd--><br><br>Тайперы всегда нужны. Только сразу предупреждаю: правок будет много. :)<br><br>Насчёт связи: дискорд или скайп не котируются? :) В инстаграмме я даже не знаю, как сообщения писать. :D<br><br>https://yadi.sk/d/81bk45zj8Hzr_w тестовый комикс.<br><br>https://yadi.sk/i/N3dNoXhaC-WMUQ перевод<br><br>https://yadi.sk/d/W-_VYbyGPEKd7Q шрифт для большинства пузырей<br><br>https://yadi.sk/d/Ilo-ZxYIKoEVOA шрифт для пришельцев.<br><br>https://yadi.sk/i/ydyYVdPbukxkv - инструкция (даю новичкам, но, возможно, ты действовал по-другой механике).<br><br>Тестовый комикс мы обрабатываем по такой схеме: тайпишь 5 страниц, архивируешь в JPG и кидаешь мне. Я выписываю ошибки, ты их исправляешь. Доводим до ума первые 5 страниц, переходим к следующим. И так до победного. Такая схема поначалу очень экономит время и мне, и тайперу. :) У тебя опыт есть, значит, проблем не будет. Зато сразу поймёшь, подходит тебе наша система проверок или нет.<!--QuoteEnd--></div><!--QuoteEEnd--><br><br>Первые 5 страниц :)<br>https://drive.google.com/file/d/1tbQnuXBx9bezdFT-5Reek5yW0NKYh4mp/view?usp=shar<br />ing",3,HellWell,1615754193,1,inbox,0,122
126,RE: Диджитал С-М,"<!--QuoteBegin--><div class=""quote""><!--QuoteEBegin--><!--QuoteBegin--><div class=""quote""><!--QuoteEBegin--><!--QuoteBegin--><div class=""quote""><!--QuoteEBegin--><!--QuoteBegin--><div class=""quote""><!--QuoteEBegin-->Олежка привет, в паучьем классическом мире есть такая мини-серия, как \""Mad Dog Ward\"". Туда входят всего 3 номера:<br><ul><li>1-3 Web of Spider-Man #33 - What\'s The Matter With Mommy?</li><li>2-3 The Spectacular Spider-Man #133 - I Am Spider!</li><li>3-3 The Amazing Spider-Man #295 - Mad Dogs</li></ul><br>Так-как трудно найти диджитал сканы 1-го номера и 3-го, то я хочу поделиться ссылкой, где их можно скачать <br>https://viewcomics.me/amazing-spider-man-epic-collection/issue-venom-part-1<br><br>Сохрани эту ссылку себе или кинь парням, кто любит занимаеться пауком :)<!--QuoteEnd--></div><!--QuoteEEnd--><br><br>Ладно, спасибо.<!--QuoteEnd--></div><!--QuoteEEnd--><br><br>Слушай Олежка, а вам тайпер случайно не нужен?) <br><br>Я в своё время оформил сотню комиксов. Затем прошла студенческая жизнь и пять лет ничего не оформлял. Но сейчас душа требует вернуться назад в сканлейт :) <br>Меня только в вк нет, так-как не люблю соц. сети. Но я в телеге чуть-ли не 24/7 <br>Найти можно под ником <b>@yuriyod</b> или по номеру <b>+380(63)1140146</b><br>Инста: <b>_u300792</b><br><br>Вот список оформленного:<br>https://comicsdb.ru/search/people/Powerlifter?order=translate_date&amp;directio<br>n=desc<!--QuoteEnd--></div><!--QuoteEEnd--><br><br>Тайперы всегда нужны. Только сразу предупреждаю: правок будет много. :)<br><br>Насчёт связи: дискорд или скайп не котируются? :) В инстаграмме я даже не знаю, как сообщения писать. :D<br><br>https://yadi.sk/d/81bk45zj8Hzr_w тестовый комикс.<br><br>https://yadi.sk/i/N3dNoXhaC-WMUQ перевод<br><br>https://yadi.sk/d/W-_VYbyGPEKd7Q шрифт для большинства пузырей<br><br>https://yadi.sk/d/Ilo-ZxYIKoEVOA шрифт для пришельцев.<br><br>https://yadi.sk/i/ydyYVdPbukxkv - инструкция (даю новичкам, но, возможно, ты действовал по-другой механике).<br><br>Тестовый комикс мы обрабатываем по такой схеме: тайпишь 5 страниц, архивируешь в JPG и кидаешь мне. Я выписываю ошибки, ты их исправляешь. Доводим до ума первые 5 страниц, переходим к следующим. И так до победного. Такая схема поначалу очень экономит время и мне, и тайперу. :) У тебя опыт есть, значит, проблем не будет. Зато сразу поймёшь, подходит тебе наша система проверок или нет.<!--QuoteEnd--></div><!--QuoteEEnd--><br><br>И вот сразу 6-я страница. Диалог пришельцев.<br>https://i6.imageban.ru/out/2021/03/14/461b85d770c51a8bfd761b6485d0e760.jpg",3,HellWell,1615756237,1,outbox,0,0
127,RE: Диджитал С-М,"<!--QuoteBegin--><div class=""quote""><!--QuoteEBegin--><!--QuoteBegin--><div class=""quote""><!--QuoteEBegin--><!--QuoteBegin--><div class=""quote""><!--QuoteEBegin--><!--QuoteBegin--><div class=""quote""><!--QuoteEBegin-->Олежка привет, в паучьем классическом мире есть такая мини-серия, как \""Mad Dog Ward\"". Туда входят всего 3 номера:<br><ul><li>1-3 Web of Spider-Man #33 - What\'s The Matter With Mommy?</li><li>2-3 The Spectacular Spider-Man #133 - I Am Spider!</li><li>3-3 The Amazing Spider-Man #295 - Mad Dogs</li></ul><br>Так-как трудно найти диджитал сканы 1-го номера и 3-го, то я хочу поделиться ссылкой, где их можно скачать <br>https://viewcomics.me/amazing-spider-man-epic-collection/issue-venom-part-1<br><br>Сохрани эту ссылку себе или кинь парням, кто любит занимаеться пауком :)<!--QuoteEnd--></div><!--QuoteEEnd--><br><br>Ладно, спасибо.<!--QuoteEnd--></div><!--QuoteEEnd--><br><br>Слушай Олежка, а вам тайпер случайно не нужен?) <br><br>Я в своё время оформил сотню комиксов. Затем прошла студенческая жизнь и пять лет ничего не оформлял. Но сейчас душа требует вернуться назад в сканлейт :) <br>Меня только в вк нет, так-как не люблю соц. сети. Но я в телеге чуть-ли не 24/7 <br>Найти можно под ником <b>@yuriyod</b> или по номеру <b>+380(63)1140146</b><br>Инста: <b>_u300792</b><br><br>Вот список оформленного:<br>https://comicsdb.ru/search/people/Powerlifter?order=translate_date&amp;directio<br>n=desc<!--QuoteEnd--></div><!--QuoteEEnd--><br><br>Тайперы всегда нужны. Только сразу предупреждаю: правок будет много. :)<br><br>Насчёт связи: дискорд или скайп не котируются? :) В инстаграмме я даже не знаю, как сообщения писать. :D<br><br>https://yadi.sk/d/81bk45zj8Hzr_w тестовый комикс.<br><br>https://yadi.sk/i/N3dNoXhaC-WMUQ перевод<br><br>https://yadi.sk/d/W-_VYbyGPEKd7Q шрифт для большинства пузырей<br><br>https://yadi.sk/d/Ilo-ZxYIKoEVOA шрифт для пришельцев.<br><br>https://yadi.sk/i/ydyYVdPbukxkv - инструкция (даю новичкам, но, возможно, ты действовал по-другой механике).<br><br>Тестовый комикс мы обрабатываем по такой схеме: тайпишь 5 страниц, архивируешь в JPG и кидаешь мне. Я выписываю ошибки, ты их исправляешь. Доводим до ума первые 5 страниц, переходим к следующим. И так до победного. Такая схема поначалу очень экономит время и мне, и тайперу. :) У тебя опыт есть, значит, проблем не будет. Зато сразу поймёшь, подходит тебе наша система проверок или нет.<!--QuoteEnd--></div><!--QuoteEEnd--><br><br>И вот сразу 6-я страница. Диалог пришельцев.<br>https://i6.imageban.ru/out/2021/03/14/461b85d770c51a8bfd761b6485d0e760.jpg",3,HellWell,1615756237,1,inbox,1,126
128,RE: Диджитал С-М,"<!--QuoteBegin--><div class=""quote""><!--QuoteEBegin--><!--QuoteBegin--><div class=""quote""><!--QuoteEBegin--><!--QuoteBegin--><div class=""quote""><!--QuoteEBegin--><!--QuoteBegin--><div class=""quote""><!--QuoteEBegin--><!--QuoteBegin--><div class=""quote""><!--QuoteEBegin-->Олежка привет, в паучьем классическом мире есть такая мини-серия, как \""Mad Dog Ward\"". Туда входят всего 3 номера:<br><ul><li>1-3 Web of Spider-Man #33 - What\'s The Matter With Mommy?</li><li>2-3 The Spectacular Spider-Man #133 - I Am Spider!</li><li>3-3 The Amazing Spider-Man #295 - Mad Dogs</li></ul><br>Так-как трудно найти диджитал сканы 1-го номера и 3-го, то я хочу поделиться ссылкой, где их можно скачать <br>https://viewcomics.me/amazing-spider-man-epic-collection/issue-venom-part-1<br><br>Сохрани эту ссылку себе или кинь парням, кто любит занимаеться пауком :)<!--QuoteEnd--></div><!--QuoteEEnd--><br><br>Ладно, спасибо.<!--QuoteEnd--></div><!--QuoteEEnd--><br><br>Слушай Олежка, а вам тайпер случайно не нужен?) <br><br>Я в своё время оформил сотню комиксов. Затем прошла студенческая жизнь и пять лет ничего не оформлял. Но сейчас душа требует вернуться назад в сканлейт :) <br>Меня только в вк нет, так-как не люблю соц. сети. Но я в телеге чуть-ли не 24/7 <br>Найти можно под ником <b>@yuriyod</b> или по номеру <b>+380(63)1140146</b><br>Инста: <b>_u300792</b><br><br>Вот список оформленного:<br>https://comicsdb.ru/search/people/Powerlifter?order=translate_date&amp;directio<br>n=desc<!--QuoteEnd--></div><!--QuoteEEnd--><br><br>Тайперы всегда нужны. Только сразу предупреждаю: правок будет много. :)<br><br>Насчёт связи: дискорд или скайп не котируются? :) В инстаграмме я даже не знаю, как сообщения писать. :D<br><br>https://yadi.sk/d/81bk45zj8Hzr_w тестовый комикс.<br><br>https://yadi.sk/i/N3dNoXhaC-WMUQ перевод<br><br>https://yadi.sk/d/W-_VYbyGPEKd7Q шрифт для большинства пузырей<br><br>https://yadi.sk/d/Ilo-ZxYIKoEVOA шрифт для пришельцев.<br><br>https://yadi.sk/i/ydyYVdPbukxkv - инструкция (даю новичкам, но, возможно, ты действовал по-другой механике).<br><br>Тестовый комикс мы обрабатываем по такой схеме: тайпишь 5 страниц, архивируешь в JPG и кидаешь мне. Я выписываю ошибки, ты их исправляешь. Доводим до ума первые 5 страниц, переходим к следующим. И так до победного. Такая схема поначалу очень экономит время и мне, и тайперу. :) У тебя опыт есть, значит, проблем не будет. Зато сразу поймёшь, подходит тебе наша система проверок или нет.<!--QuoteEnd--></div><!--QuoteEEnd--><br><br>И вот сразу 6-я страница. Диалог пришельцев.<br>https://i6.imageban.ru/out/2021/03/14/461b85d770c51a8bfd761b6485d0e760.jpg<!--QuoteEnd--></div><!--QuoteEEnd--><br><br>Потом в архив добавишь. Так не заливай. Мне в таком виде с ней делать просто нечего. Тут и переименовывать придётся, и размер мог уехать (обменники они такие).<br><br>Сегодня по страницам вердикт скину.",1115,Oleg-D,1615777173,1,outbox,0,0
129,RE: Диджитал С-М,"<!--QuoteBegin--><div class=""quote""><!--QuoteEBegin--><!--QuoteBegin--><div class=""quote""><!--QuoteEBegin--><!--QuoteBegin--><div class=""quote""><!--QuoteEBegin--><!--QuoteBegin--><div class=""quote""><!--QuoteEBegin--><!--QuoteBegin--><div class=""quote""><!--QuoteEBegin-->Олежка привет, в паучьем классическом мире есть такая мини-серия, как \""Mad Dog Ward\"". Туда входят всего 3 номера:<br><ul><li>1-3 Web of Spider-Man #33 - What\'s The Matter With Mommy?</li><li>2-3 The Spectacular Spider-Man #133 - I Am Spider!</li><li>3-3 The Amazing Spider-Man #295 - Mad Dogs</li></ul><br>Так-как трудно найти диджитал сканы 1-го номера и 3-го, то я хочу поделиться ссылкой, где их можно скачать <br>https://viewcomics.me/amazing-spider-man-epic-collection/issue-venom-part-1<br><br>Сохрани эту ссылку себе или кинь парням, кто любит занимаеться пауком :)<!--QuoteEnd--></div><!--QuoteEEnd--><br><br>Ладно, спасибо.<!--QuoteEnd--></div><!--QuoteEEnd--><br><br>Слушай Олежка, а вам тайпер случайно не нужен?) <br><br>Я в своё время оформил сотню комиксов. Затем прошла студенческая жизнь и пять лет ничего не оформлял. Но сейчас душа требует вернуться назад в сканлейт :) <br>Меня только в вк нет, так-как не люблю соц. сети. Но я в телеге чуть-ли не 24/7 <br>Найти можно под ником <b>@yuriyod</b> или по номеру <b>+380(63)1140146</b><br>Инста: <b>_u300792</b><br><br>Вот список оформленного:<br>https://comicsdb.ru/search/people/Powerlifter?order=translate_date&amp;directio<br>n=desc<!--QuoteEnd--></div><!--QuoteEEnd--><br><br>Тайперы всегда нужны. Только сразу предупреждаю: правок будет много. :)<br><br>Насчёт связи: дискорд или скайп не котируются? :) В инстаграмме я даже не знаю, как сообщения писать. :D<br><br>https://yadi.sk/d/81bk45zj8Hzr_w тестовый комикс.<br><br>https://yadi.sk/i/N3dNoXhaC-WMUQ перевод<br><br>https://yadi.sk/d/W-_VYbyGPEKd7Q шрифт для большинства пузырей<br><br>https://yadi.sk/d/Ilo-ZxYIKoEVOA шрифт для пришельцев.<br><br>https://yadi.sk/i/ydyYVdPbukxkv - инструкция (даю новичкам, но, возможно, ты действовал по-другой механике).<br><br>Тестовый комикс мы обрабатываем по такой схеме: тайпишь 5 страниц, архивируешь в JPG и кидаешь мне. Я выписываю ошибки, ты их исправляешь. Доводим до ума первые 5 страниц, переходим к следующим. И так до победного. Такая схема поначалу очень экономит время и мне, и тайперу. :) У тебя опыт есть, значит, проблем не будет. Зато сразу поймёшь, подходит тебе наша система проверок или нет.<!--QuoteEnd--></div><!--QuoteEEnd--><br><br>И вот сразу 6-я страница. Диалог пришельцев.<br>https://i6.imageban.ru/out/2021/03/14/461b85d770c51a8bfd761b6485d0e760.jpg<!--QuoteEnd--></div><!--QuoteEEnd--><br><br>Потом в архив добавишь. Так не заливай. Мне в таком виде с ней делать просто нечего. Тут и переименовывать придётся, и размер мог уехать (обменники они такие).<br><br>Сегодня по страницам вердикт скину.",1115,Oleg-D,1615777173,1,inbox,0,128
130,RE: Диджитал С-М,https://yadi.sk/d/kPpxtb6EA51zYw держи правки. Опыт чувствуется. Новички иногда такое выдают... :D<br><br>Хотя иногда приходят ребята чуть ли не с идеальным глазомером. Я с таких сам фигею.,1115,Oleg-D,1615787102,1,outbox,0,0
131,RE: Диджитал С-М,https://yadi.sk/d/kPpxtb6EA51zYw держи правки. Опыт чувствуется. Новички иногда такое выдают... :D<br><br>Хотя иногда приходят ребята чуть ли не с идеальным глазомером. Я с таких сам фигею.,1115,Oleg-D,1615787102,1,inbox,1,130
132,Правки,"<!--QuoteBegin--><div class=""quote""><!--QuoteEBegin-->https://yadi.sk/d/kPpxtb6EA51zYw держи правки. Опыт чувствуется. Новички иногда такое выдают... :D<br><br>Хотя иногда приходят ребята чуть ли не с идеальным глазомером. Я с таких сам фигею.<!--QuoteEnd--></div><!--QuoteEEnd--><br><br>Привет, исправил) + 6-ю добавил.<br>https://drive.google.com/file/d/12TXghuxYdeGeFBmOMqgDe7ISzpPDAutx/view?usp=shar<br />ing",3,HellWell,1615801007,1,outbox,0,0
133,Правки,"<!--QuoteBegin--><div class=""quote""><!--QuoteEBegin-->https://yadi.sk/d/kPpxtb6EA51zYw держи правки. Опыт чувствуется. Новички иногда такое выдают... :D<br><br>Хотя иногда приходят ребята чуть ли не с идеальным глазомером. Я с таких сам фигею.<!--QuoteEnd--></div><!--QuoteEEnd--><br><br>Привет, исправил) + 6-ю добавил.<br>https://drive.google.com/file/d/12TXghuxYdeGeFBmOMqgDe7ISzpPDAutx/view?usp=shar<br />ing",3,HellWell,1615801007,1,inbox,0,132
134,Правки,Страница 1-10 :)<br><br>https://drive.google.com/file/d/1mUFc9SHpJzivEkkauzqiucqERQ55yDmv/view?usp=shar<br />ing,3,HellWell,1615810053,1,outbox,0,0
135,Правки,Страница 1-10 :)<br><br>https://drive.google.com/file/d/1mUFc9SHpJzivEkkauzqiucqERQ55yDmv/view?usp=shar<br />ing,3,HellWell,1615810053,1,inbox,1,134
136,RE: Правки,"<!--QuoteBegin--><div class=""quote""><!--QuoteEBegin-->Страница 1-10 :)<br><br>https://drive.google.com/file/d/1mUFc9SHpJzivEkkauzqiucqERQ55yDmv/view?usp=shar<br>ing<!--QuoteEnd--></div><!--QuoteEEnd--><br><br>Только зашёл на сайт, чтобы тебе правки отдать, а ты ещё подкинул. :)<br><br>https://yadi.sk/d/kPpxtb6EA51zYw вот. По первой партии пару мест докалибровать. По второй немного. Основной косяк я тоже отметил.",1115,Oleg-D,1615816652,1,outbox,0,0
137,RE: Правки,"<!--QuoteBegin--><div class=""quote""><!--QuoteEBegin-->Страница 1-10 :)<br><br>https://drive.google.com/file/d/1mUFc9SHpJzivEkkauzqiucqERQ55yDmv/view?usp=shar<br>ing<!--QuoteEnd--></div><!--QuoteEEnd--><br><br>Только зашёл на сайт, чтобы тебе правки отдать, а ты ещё подкинул. :)<br><br>https://yadi.sk/d/kPpxtb6EA51zYw вот. По первой партии пару мест докалибровать. По второй немного. Основной косяк я тоже отметил.",1115,Oleg-D,1615816652,1,inbox,1,136
138,RE: Правки,"<!--QuoteBegin--><div class=""quote""><!--QuoteEBegin--><!--QuoteBegin--><div class=""quote""><!--QuoteEBegin-->Страница 1-10 :)<br><br>https://drive.google.com/file/d/1mUFc9SHpJzivEkkauzqiucqERQ55yDmv/view?usp=shar<br>ing<!--QuoteEnd--></div><!--QuoteEEnd--><br><br>Только зашёл на сайт, чтобы тебе правки отдать, а ты ещё подкинул. :)<br><br>https://yadi.sk/d/kPpxtb6EA51zYw вот. По первой партии пару мест докалибровать. По второй немного. Основной косяк я тоже отметил.<!--QuoteEnd--></div><!--QuoteEEnd--><br><br>Что-то впн после обеда глючит и никуда не пускает :( <br>Сможешь пожалуйста эти правки залить на гугл диск или найти меня в дискорде \""Одесса92#6209\"" ?",3,HellWell,1615817440,1,outbox,0,0
139,RE: Правки,"<!--QuoteBegin--><div class=""quote""><!--QuoteEBegin--><!--QuoteBegin--><div class=""quote""><!--QuoteEBegin-->Страница 1-10 :)<br><br>https://drive.google.com/file/d/1mUFc9SHpJzivEkkauzqiucqERQ55yDmv/view?usp=shar<br>ing<!--QuoteEnd--></div><!--QuoteEEnd--><br><br>Только зашёл на сайт, чтобы тебе правки отдать, а ты ещё подкинул. :)<br><br>https://yadi.sk/d/kPpxtb6EA51zYw вот. По первой партии пару мест докалибровать. По второй немного. Основной косяк я тоже отметил.<!--QuoteEnd--></div><!--QuoteEEnd--><br><br>Что-то впн после обеда глючит и никуда не пускает :( <br>Сможешь пожалуйста эти правки залить на гугл диск или найти меня в дискорде \""Одесса92#6209\"" ?",3,HellWell,1615817440,1,inbox,0,138
