"id","name","descr","template","allow_br","allow_template","grouplevel","tpl","metadescr","metakeys","views","template_folder","date","metatitle","allow_count","sitemap","disable_index","disable_search","password"
1,dle-rules-page,Общие правила на сайте,"<b>Общие правила поведения на сайте:</b><br /><br />Начнем с того, что на сайте общаются сотни людей, разных религий и взглядов, и все они являются полноправными посетителями нашего сайта, поэтому если мы хотим чтобы это сообщество людей функционировало нам и необходимы правила. Мы настоятельно рекомендуем прочитать настоящие правила, это займет у вас всего минут пять, но сбережет нам и вам время и поможет сделать сайт более интересным и организованным.<br /><br />Начнем с того, что на нашем сайте нужно вести себя уважительно ко всем посетителям сайта. Не надо оскорблений по отношению к участникам, это всегда лишнее. Если есть претензии - обращайтесь к Админам или Модераторам (воспользуйтесь личными сообщениями). Оскорбление других посетителей считается у нас одним из самых тяжких нарушений и строго наказывается администрацией. <b>У нас строго запрещен расизм, религиозные и политические высказывания.</b> Заранее благодарим вас за понимание и за желание сделать наш сайт более вежливым и дружелюбным.<br /><br /><b>На сайте строго запрещено:</b> <br /><br />- сообщения, не относящиеся к содержанию статьи или к контексту обсуждения<br />- оскорбление и угрозы в адрес посетителей сайта<br />- в комментариях запрещаются выражения, содержащие ненормативную лексику, унижающие человеческое достоинство, разжигающие межнациональную рознь<br />- спам, а также реклама любых товаров и услуг, иных ресурсов, СМИ или событий, не относящихся к контексту обсуждения статьи<br /><br />Давайте будем уважать друг друга и сайт, на который Вы и другие читатели приходят пообщаться и высказать свои мысли. Администрация сайта оставляет за собой право удалять комментарии или часть комментариев, если они не соответствуют данным требованиям.<br /><br />При нарушении правил вам может быть дано <b>предупреждение</b>. В некоторых случаях может быть дан бан <b>без предупреждений</b>. По вопросам снятия бана писать администратору.<br /><br /><b>Оскорбление</b> администраторов или модераторов также караются <b>баном</b> - уважайте чужой труд.<br /><br /><div style=""text-align:center;"">{ACCEPT-DECLINE}</div>",1,1,all,"",Общие правила,Общие правила,7031,"",1549024153,"",1,1,0,0,""
2,absolute-carnage,Хронология «Абсолютной резни»,"<p>В связи с тем, что новая симбиотная глобалка насчитывает бесчисленное количество различных тай-инов, мы решили выделить под неё отдельную хронологию. </p><p>Предвосхищая вопрос — тай-ины мы планируем сделать почти все. Если не сразу, то со временем точно. Есть буквально парочка спорных серий (по типу Дэдпула), насчёт которых ещё ничего не решено, но вполне возможно, что рано или поздно мы дойдём и до них просто ради чувства завершённости.</p><p>Эта статья будет обновляться с выходом каждого нового выпуска в оригинале и в <b>нашем</b> переводе, а также прикрепляться к релизу каждого номера у нас на сайте.</p><p><b>Важно!</b> Этот ивент не самостоятельный — он напрямую вытекает из сюжета основного онгоинга «Венома» от Донни Кейтса, где он с парочкой других сценаристов вёл к этой глобалке почти целый год. Если вы решите проигнорировать том «Венома» от Кейтса и сразу примитесь за «Резню» (по каким бы то ни было причинам), то рискуете сильно потерять в удовольствии и полноте сюжета.</p>",0,1,all,"","В связи с тем, что новая симбиотная глобалка насчитывает бесчисленное количество различных тай-инов, мы решили выделить под неё отдельную хронологию. Правила те же — даём гиперссылки на переводы, если","сайте, Кейтса, «Венома», переводы, почти, сразу, каждого, сюжета, Патреон, релизу, номера, Важно, Прежде, прикрепляться, приниматься, также, «Абсолютную, переводе, оригинале, в нашем",3648,"",1574334508,"",1,1,0,0,""
3,story-arc,Глобальные события,текст просто текст,0,1,all,stat_cat,текст просто текст,"текст, просто",52153,"",1574685365,"",1,1,0,0,""
4,cataclysm,Хронология &quot;Катаклизма&quot;,"<p>Готэм постигла новая напасть - и это не какой-нибудь очередной костюмированный псих, а сама стихия. Землетрясение обрушивает половину города на головы жителей. Фамильному особняку Уэйнов так же достаётся, как и Бэт-пещере. Что же будет с ничего не подозревающими Брюсом и Альфредом?..</p>",0,1,all,static-cataclysm,"Готэм постигла новая напасть - и это не какой-нибудь очередной костюмированный псих, а сама стихия. Землетрясение обрушивает половину города на головы жителей. Фамильному особняку Уэйнов так же достаё","Готэм, головы, Брюсом, подозревающими, ничего, будет, пещере, достаётся, Уэйнов, особняку, Фамильному, жителей, города, постигла, половину, обрушивает, Землетрясение, стихия, костюмированный, очередной",1862,"",1574686714,"",1,1,0,0,""
5,top-50,ТОП-50 популярных комиксов на сайте,"ТОП-50 популярных комиксов на сайте, выбранных нашими читателями. В этот ТОП попадают самые читаемые и оцениваемые комиксы. Рейтинг считается по сумме всех оценок, поэтому вы можете увидеть в ТОПе комиксы с оценкой меньше пяти звёзд.",0,1,all,top,ТОП-50 популярных комиксов на сайте выбранных нашими читателями,"популярных, комиксов, сайте, выбранных, нашими, читателями",18002,"",1574772752,"",1,1,0,0,""
6,messiah-war,Война Мессии,"<p>Война Мессии - это логическое продолжение Комплекса Мессии, начало жестокой охоты на девочку-мутанта, первую рождённую после Дня М. Итак, фигуры расставлены, можно начинать смертоносную партию!</p>",0,1,all,static-messiah,"","",1433,"",1577105579,"",1,1,0,0,""
7,vacancies,Набор в команду RPU,"<p>Хотите к нам в команду? Тогда данный материал для Вас!</p><p><i>Напоминаем, что сканлейт это хобби. <b>У НАС НЕ ПЛАТЯТ ДЕНЬГИ,</b> все делается по добровольному желанию.</i></p><p>Нам требуются:</p><div class=\""tabs-sel\""><a href=\""#perevod\""><span class=\""current1\"">Навигация</span></a> <a href=\""#perevod\""><span class=\""current\"">Переводчики</span></a> <a href=\""#oform\""><span class=\""current\"">Оформители</span></a> <a href=\""#unic\""><span class=\""current\"">Универсалы</span></a> <a href=\""#taip\""><span class=\""current\"">Тайперы</span></a> <a href=\""#redactor\""><span class=\""current\"">Редакторы</span></a></div><p>На нашем сайте практикуется командная работа. Чаще всего один выпуск делает 2-4 человека:</p><ol><li>Переводчик - задача которого полный перевод текста и удобное оформление текстового файла.</li><li>Оформитель - который должен сделать полный графический перевод.</li><li>Тайпер - чистка и наполнение текстом пузырей в комиксе. (По возможности может делать Оформитель)</li><li>Редактор - проверка и корректировка как оформленного комикса. (может потребоваться проверка текстового перевода).</li></ol><h2 id=\""perevod\"">Переводчик</h2><p>Для зачисления в команду, переводчику необходимо сдать один перевод комикса. Желательно уложиться в две недели (но казнить за небольшое опоздание не станем). Мы не делаем акцента на возрасте переводчика, тут все решает навык.</p><p>Требования к переводу:</p><ol><li>Перевод делать в гугл доке или вордовском документе</li><li>Переводить нужно всё (включая авторов и всякие надписи). Звуки можно не переводить.</li><li>Указывать номера страниц согласно файлам (отделяя цифры от текста).</li><li>Каждый пузырь или табличка - с отдельной строки.</li><li>Также нужно выделять жирным + курсивом слова, выделенные в оригинале.</li></ol><p>Чтобы подать заявку на переводчика, напишите Олегу в личку <a class=\""rds_hl_nofollow\"" href=\""https://vk.com/olegd82\"" target=\""_blank\"" rel=\""noopener external\"">ВК</a> (онлайн два раза в день) или на <a href=\""/index.php?do=pm&amp;doaction=newpm&amp;username=Oleg-D\"" target=\""_blank\"">сайте</a>.</p><h2 id=\""oform\"">Оформитель</h2><p>Оформителю необходимо сдать один комикс, либо предоставить уже оформленный им комикс на проверку (обсуждается с <a class=\""rds_hl_nofollow\"" href=\""https://vk.com/olegd82\"" target=\""_blank\"" rel=\""noopener external\"">Олегом</a>). Комиксы на тест обсуждается с <a class=\""rds_hl_nofollow\"" href=\""https://vk.com/olegd82\"" target=\""_blank\"" rel=\""noopener external\"">Олегом</a>, скорей всего это будет выпуск из текущих серий на сайте. Желательно не затягивать выполнение задания и уложиться в две недели. Если для оформления комикса вам нужно больше времени, сообщите об этом заранее. Если вы чувствуете что не \""тянете\"", то необязательно испаряться или скрываться - можно просто об этом сообщить. Ничего ужасного в этом нет.</p><p>Проверка теста занимает 2-5 дней.</p><p>Рассматриваются кандидаты без опыта. Если вы ни разу не работали в фотошопе, не страшно, главное желание, терпение и свободное время. Вам помогут подобрать шрифты и расскажут процесс оформления на примерах.</p><p>Чтобы подать заявку на оформителя, напишите Олегу в личку <a class=\""rds_hl_nofollow\"" href=\""https://vk.com/olegd82\"" target=\""_blank\"" rel=\""noopener external\"">ВК</a> (онлайн два раза в день) или на <a href=\""/index.php?do=pm&amp;doaction=newpm&amp;username=Oleg-D\"" target=\""_blank\"">сайте</a>.</p><h2 id=\""unic\"">Универсал</h2><p>Для поступления в команду универсалу нужно сдать тесты на переводчика и оформителя по отдельности (с теми же сроками и условиями).</p><h2 id=\""taip\"">Тайпер</h2><p>Тайпер вставляет текст в пузыри. Облегчённая версия оформителя, но тоже важная должность. Чтобы подать заявку на тайпера, напишите Олегу в личку <a class=\""rds_hl_nofollow\"" href=\""https://vk.com/olegd82\"" target=\""_blank\"" rel=\""noopener external\"">ВК</a> (онлайн два раза в день) или на <a href=\""/index.php?do=pm&amp;doaction=newpm&amp;username=Oleg-D\"" target=\""_blank\"">сайте</a>.</p><p>Рассматриваются кандидаты без опыта. Если вы ни разу не работали в фотошопе, не страшно, главное желание, терпение и свободное время. Вам помогут подобрать шрифты и расскажут процесс тайпа на примерах.</p><h2 id=\""redactor\"">Редактор</h2><p>В данном случае редактор обязан хорошо владеть русским языком. Минимум \""хорошист\"" по русскому языку в возрасте пятнадцать лет и старше. Ему предстоит проверять и корректировать как текстовые переводы, так и оформленные комиксы. Для получения тестового задания напишите Олегу в личку <a class=\""rds_hl_nofollow\"" href=\""https://vk.com/olegd82\"" target=\""_blank\"" rel=\""noopener external\"">ВК</a> (онлайн два раза в день) или на <a href=\""/index.php?do=pm&amp;doaction=newpm&amp;username=Oleg-D\"" target=\""_blank\"">сайте</a>.</p>",0,1,all,vakansi,"","",18576,"",1577188491,"",1,1,0,0,""
8,newcomics,Новые комиксы на сайте,Комиксы,0,1,all,newcomics,"","",98152,"",1577700133,"",1,1,0,0,""
9,zvuki-v-komiksah,Звуки в комиксах,"Совет: Быстрый поиск CTRL+F<table align=\""left\"" border=\""1\"" cellpadding=\""2\"" cellspacing=\""2\"" id=\""sounds\""><tbody><tr bgcolor=\""#000000\""><td><b>Звук</b></td><td><b>Перевод</b></td><td><b>Значение</b></td></tr><tr><td><b>(W)Ahaha</b></td><td>Хахаха</td><td><i>Смех</i></td></tr><tr><td><b>Aaa</b></td><td>Ааа</td><td><i>Крик</i></td></tr><tr><td><b>Ah, uh, oh, ack, agh, argh</b></td><td>А, ах, ох, ух</td><td><i>Радость, удивление, предупреждение, страсть, боль, страх, гнев</i></td></tr><tr><td><b>baBoom</b></td><td>Бах, шарах</td><td><i>Взрыв, (тяжёлые / быстрые шаги) Удар</i></td></tr><tr><td><b>Ba-Dump</b></td><td>Пшз, тиск</td><td><i>Напряжение, сжатие, (электрический разряд), (выходящий пар/газ)</i></td></tr><tr><td><b>Bam</b></td><td>Дун</td><td><i>Удар</i></td></tr><tr><td><b>Bam, bang, crash, ka-boom, thump, thud, wham, whomp</b></td><td>Бам, бац, хрясть, стук, блысь, бах</td><td><i>Быстрый удар</i></td></tr><tr><td><b>Bang, bam, slam</b></td><td>Бам</td><td><i>Удар, выстрел, драматический эффект</i></td></tr><tr><td><b>Bawhoom, baboom</b></td><td>Быдых, бах, бабах, тыдых</td><td><i>Взрыв, разрывы от выстрелов</i></td></tr><tr><td><b>Bite, gnaw</b></td><td>Хрум-хрум, хруп</td><td><i>Кусать, грызть, есть</i></td></tr><tr><td><b>B-krak</b></td><td>Хрусть</td><td><i>Ломается кость</i></td></tr><tr><td><b>Blush</b></td><td>Ой, ох</td><td><i>Огонь, румянец, пламя, решимость, краснеть</i></td></tr><tr><td><b>Boo</b></td><td>Бу</td><td><i>Пугать</i></td></tr><tr><td><b>Boop</b></td><td>Пум</td><td><i>Удар по носу</i></td></tr><tr><td><b>Bohoo</b></td><td>Уаа</td><td><i>Плач</i></td></tr><tr><td><b>Boing</b></td><td>Прыг</td><td><i>Прыгать, растрескиваться</i></td></tr><tr><td><b>Boom, wham</b></td><td>Бах, бабах</td><td><i>Взрыв, выстрел</i></td></tr><tr><td><b>Boot, pom</b></td><td>Пум</td><td><i>Потрясение, шок, удар</i></td></tr><tr><td><b>Brbraoom</b></td><td>Тададах</td><td><i>Звук серии взрывов</i></td></tr><tr><td><b>Breep, beep</b></td><td>Пи, пип</td><td><i>Пищать, свистеть, гудки телефона</i></td></tr><tr><td><b>Brush</b></td><td>Вшик</td><td><i>Звук резкого появления Звук трения (намыливание, чистка зубов)</i></td></tr><tr><td><b>Burble</b></td><td>Буль, блып</td><td><i>Пускать пузыри</i></td></tr><tr><td><b>Burble</b></td><td>Вш</td><td><i>Текущая вода</i></td></tr><tr><td><b>Bwah</b></td><td>Уах</td><td><i>Возглас удивления/ужаса</i></td></tr><tr><td><b>Bwoof</b></td><td>Шурх, пум</td><td><i>Выходящий пар/газ Звук удара чем-то мягким /обо что-то мягкое, скольжение мягкого предмета</i></td></tr><tr><td><b>Bwoom, kaboom, crash</b></td><td>Бабах</td><td><i>Взрыв</i></td></tr><tr><td><b>Caw</b></td><td>Кар</td><td><i>Карканье ворон</i></td></tr><tr><td><b>Chak</b></td><td>Звяк</td><td><i>Звяканье меча</i></td></tr><tr><td><b>Ch-doom</b></td><td>Бабах</td><td><i>Взрыв</i></td></tr><tr><td><b>Chink</b></td><td>Чпок</td><td><i>Звук отрываемого от губ горлышка бутылки</i></td></tr><tr><td><b>Chireep, chirr-eep</b></td><td>Цвирк</td><td><i>Пение сверчков/цикад</i></td></tr><tr><td><b>Chir-ring</b></td><td>Дзынь</td><td><i>Звонок велосипеда, колокольчика</i></td></tr><tr><td><b>Chop</b></td><td>Тук, вух</td><td><i>Удар топора, шум винта верт.</i></td></tr><tr><td><b>Chomp</b></td><td>Хрум, кусь, хряп, ам, пурх</td><td><i>Кусать, хватать воздух ртом, чавкать, шевелить губами, бабочка хлопает крыльями</i></td></tr><tr><td><b>Choom</b></td><td>Бах бах</td><td><i>Очередь из автоматического оружия</i></td></tr><tr><td><b>Chrp</b></td><td>чик, чирик</td><td><i>Щебетание птиц</i></td></tr><tr><td><b>Chush, chomm</b></td><td>Фш, хув</td><td><i>(Полоскать рот), (жевать жвачку)</i></td></tr><tr><td><b>Clang</b></td><td>Клац</td><td><i>Щелчок рычага телефона, автомата</i></td></tr><tr><td><b>Clap, zak, zwing</b></td><td>Хлоп, фуп, луп</td><td><i>Хлопать в ладоши, потрескивание огня, моргать, мигать</i></td></tr><tr><td><b>Clatter, toka</b></td><td>Стук, треск</td><td><i>Шум, грохот</i></td></tr><tr><td><b>Click-clack</b></td><td>Звяк, щёлк, цок, лязг</td><td><i>Звяканье, щёлканье</i></td></tr><tr><td><b>Clong</b></td><td>Бац</td><td><i>Удар большим молотком по голове</i></td></tr><tr><td><b>Clop</b></td><td>Цок</td><td><i>Цокот копыт</i></td></tr><tr><td><b>Clunk</b></td><td>Грох</td><td><i>Трястись (от страха), бороться Треск, гул, скрип</i></td></tr><tr><td><b>Crack</b></td><td>Хрусь, хруп</td><td><i>Тресканье, хруст</i></td></tr><tr><td><b>Crack, krikl</b></td><td>Хрусть, щёлк</td><td><i>Щелчок, хруст</i></td></tr><tr><td><b>Crackle</b></td><td>Хрусть, трц, треск, трск, пзз</td><td><i>Потрескивание, хруст</i></td></tr><tr><td><b>Creak</b></td><td> </td><td><i>Трястись при ходьбе, скрипеть Скрип (дверных петель, тормозов)</i></td></tr><tr><td><b>Croak</b></td><td>Ква</td><td><i>Кваканье лягушек</i></td></tr><tr><td><b>Crunch, scratch, bzk</b></td><td>Трц, пзз, скряб, треск</td><td><i>Грызть, хрустеть, царапать, рвать, потрескивание электричества</i></td></tr><tr><td><b>Dash</b></td><td>Топ топ</td><td><i>Быстрый бег, порыв</i></td></tr><tr><td><b>Dash, vsshh</b></td><td>Фух, фш, вжух</td><td><i>Быстрое движение</i></td></tr><tr><td><b>Din-don</b></td><td>Динь-дон</td><td><i>Звонок в дверь</i></td></tr><tr><td><b>Ding-dong</b></td><td>Динь-дон</td><td><i>Школьный звонок</i></td></tr><tr><td><b>Donn</b></td><td>Бац</td><td><i>Сильный удар</i></td></tr><tr><td><b>Drip, drop</b></td><td>Кап</td><td><i>(Шелест, шорох) Стекать, капать</i></td></tr><tr><td><b>Dsh</b></td><td>Шорх</td><td><i>Ссыпать мусор</i></td></tr><tr><td><b>Eeoo</b></td><td>Вэу, виу</td><td><i>Сирена</i></td></tr><tr><td><b>Eh, huh</b></td><td>Э</td><td><i>Удивление, реакция на неожиданность</i></td></tr><tr><td><b>Fapa</b></td><td>Дрыг</td><td><i>Дрыгать, дёргать руками или ногами</i></td></tr><tr><td><b>Flap</b></td><td>Хлоп</td><td><i>Хлопанье (крыльев)</i></td></tr><tr><td><b>Flap</b></td><td>Дрыг</td><td><i>Дрыгать</i></td></tr><tr><td><b>Flappa</b></td><td>Дрыг, дёрг</td><td><i>Дёрганье, дрыганье</i></td></tr><tr><td><b>Flash</b></td><td>Ой</td><td><i>Гневные крестики Напряжение, остолбенение</i></td></tr><tr><td><b>Flash klik</b></td><td>Щёлк</td><td><i>Щелчок фотоаппарата</i></td></tr><tr><td><b>Floosh</b></td><td>Шруф</td><td><i>Звук воды в унитазе</i></td></tr><tr><td><b>Flush</b></td><td>Плеск</td><td><i>(Краснеть, вздыхать, выдыхать), (лить воду)</i></td></tr><tr><td><b>Flutt, urh</b></td><td> </td><td><i>Головокружение</i></td></tr><tr><td><b>Flutter</b></td><td>Шурх, хлоп</td><td><i>Трепыхаться, развеваться</i></td></tr><tr><td><b>Fonk</b></td><td>Пш</td><td><i>(Гневный взгляд), поджаривание, Треск огня</i></td></tr><tr><td><b>Fwoomsh</b></td><td>Фуш</td><td><i>Близко пролетающий предмет</i></td></tr><tr><td><b>Fwoosh</b></td><td>Вспых, Фух</td><td><i>Звук быстрого движения Вспышка</i></td></tr><tr><td><b>Fwum</b></td><td>Прыг</td><td><i>Прыжок, вырвать руку</i></td></tr><tr><td><b>Gah</b></td><td>А</td><td><i>Крик страха, неожиданности</i></td></tr><tr><td><b>Gakangakan</b></td><td>Бах, бабах</td><td><i>Серия выстрелов, грохот</i></td></tr><tr><td><b>Gg, krk, glatta</b></td><td>Вшш, скрип</td><td><i>Cкрип</i></td></tr><tr><td><b>Glag</b></td><td>Уфф, угх, буль</td><td><i>Бульканье, звук воды</i></td></tr><tr><td><b>Glare</b></td><td>Зырк</td><td><i>Пристальный взгляд</i></td></tr><tr><td><b>Glmp, Gulp</b></td><td>Угх</td><td><i>Сглатывать, Глотать что-либо</i></td></tr><tr><td><b>Glomp, sqush</b></td><td>Тиск</td><td><i>Обнимать, прижиматься</i></td></tr><tr><td><b>Gmm</b></td><td>Гм</td><td><i>(Массировать, разминать, хватать, держать, возмущаться)</i></td></tr><tr><td><b>Gnu</b></td><td>Шмыг, гр</td><td><i>Трястись, плакать, злиться</i></td></tr><tr><td><b>Grab</b></td><td>Хвать, цоп</td><td><i>Быстрое хватательное движение</i></td></tr><tr><td><b>Grip, beh, shnz, tug</b></td><td>Хрусть, ннн, гр, гх</td><td><i>Бурчание в животе, скрип, напряжение</i></td></tr><tr><td><b>Grope</b></td><td>Шик</td><td><i>Тереть, размазывать, намазывать</i></td></tr><tr><td><b>Grope</b></td><td>Щуп</td><td><i>Ощупывать, искать</i></td></tr><tr><td><b>Gulp</b></td><td>Глык, угх, ого</td><td><i>Сглатывать (от удивления, смущения, по иным причинам)</i></td></tr><tr><td><b>Gurgle</b></td><td>Буль-буль</td><td><i>Булькающий звук</i></td></tr><tr><td><b>Guzzle</b></td><td>Глык</td><td><i>Глотать</i></td></tr><tr><td><b>Gwah</b></td><td>Угх</td><td><i>Захлёбываться</i></td></tr><tr><td><b>Gwon</b></td><td>Ган</td><td><i>Потрясение, драматический эффект</i></td></tr><tr><td><b>Gwump</b></td><td>Пих</td><td><i>Запихивать еду в рот</i></td></tr><tr><td><b>Gwump</b></td><td>Бух</td><td><i>Падать</i></td></tr><tr><td><b>Hallo</b></td><td>Алло? Эй?</td><td><i>То, что произносят в начале телефонного разговора, чтобы проверить реакцию собеседника</i></td></tr><tr><td><b>Hee</b></td><td>Хнык, хи, ух</td><td><i>Всхлипывание, вздох, оханье, смешок</i></td></tr><tr><td><b>Heh</b></td><td>Хе</td><td><i>Хихикание</i></td></tr><tr><td><b>Heh</b></td><td>Хе</td><td><i>Улыбка, усмешка, ухмылка</i></td></tr><tr><td><b>Hmph</b></td><td>Хм</td><td><i>Хмыкание (сомнение, возмущение, одобрение)</i></td></tr><tr><td><b>Huff</b></td><td>Уф</td><td><i>Отдуваться</i></td></tr><tr><td><b>kaBoom</b></td><td>Бабах</td><td><i>Сильный взрыв</i></td></tr><tr><td><b>Ka-chank, klatter, grak</b></td><td>Дзын, жух, бам, бах, стук, джух</td><td><i>Грохот, стук</i></td></tr><tr><td><b>kaChunk</b></td><td>Щёлк, клац</td><td><i>Щелчок</i></td></tr><tr><td><b>Ka-kroom, boot</b></td><td>Шарах</td><td><i>Сильный удар (ногой), потрясение</i></td></tr><tr><td><b>Kick</b></td><td>Хрясь</td><td><i>Пинать ногами</i></td></tr><tr><td><b>Klink</b></td><td>Динь, звяк</td><td><i>Звяканье</i></td></tr><tr><td><b>Klong</b></td><td>Бом</td><td><i>Удар колокола о землю</i></td></tr><tr><td><b>Klonk</b></td><td>Коц, дын, бах</td><td><i>Удар</i></td></tr><tr><td><b>Knock, slam, thud, thump</b></td><td>Стук, бац</td><td><i>Стук, удар</i></td></tr><tr><td><b>Kof</b></td><td>Кха, кхе</td><td><i>Кашлять, подавиться</i></td></tr><tr><td><b>Koff</b></td><td>Кхе кхе</td><td><i>Харкать кровью</i></td></tr><tr><td><b>Krak</b></td><td>Треск</td><td><i>Разбивание чего-нибудь плоского</i></td></tr><tr><td><b>Krang, pow </b></td><td>Бац, бам, бух, бах, хлабысь, стук, жах</td><td><i>Удар, выстрел</i></td></tr><tr><td><b>Krch </b></td><td>Скр, скрип</td><td><i>Поскрипывание (двери)</i></td></tr><tr><td><b>Krik</b></td><td>Хрусть</td><td><i>Хруст, звук ломания чего-либо</i></td></tr><tr><td><b>K-tmp </b></td><td>Топ, трюх</td><td><i>Нетвёрдые шаги</i></td></tr><tr><td><b>Kwip</b></td><td> </td><td><i>(Дёрганье, разворот)</i></td></tr><tr><td><b>Leap</b></td><td>Прыг</td><td><i>Прыжок</i></td></tr><tr><td><b>Lick</b></td><td>Лизь</td><td><i>Лизать</i></td></tr><tr><td><b>Munch</b></td><td>Хрум</td><td><i>Жевать</i></td></tr><tr><td><b>Murmur</b></td><td>Шу, шурх</td><td><i>Шорох, шёпот</i></td></tr><tr><td><b>Mwip</b></td><td>Вскок</td><td><i>Встать</i></td></tr><tr><td><b>Nyeh</b></td><td>Бе</td><td><i>Показывать язык</i></td></tr><tr><td><b>Ow</b></td><td>Ой</td><td><i>Болезненное восклицание</i></td></tr><tr><td><b>Paf</b></td><td>Хав</td><td><i>Схватить что-нибудь ртом</i></td></tr><tr><td><b>Palunk</b></td><td>Трень</td><td><i>Тренькать на гитаре</i></td></tr><tr><td><b>Pant</b></td><td>Фух</td><td><i>Вздох, сопение, фырканье, тяжёлое дыхание, шипение</i></td></tr><tr><td><b>Pat</b></td><td>Хлоп</td><td><i>Хлопать, похлопывать, шлёпать</i></td></tr><tr><td><b>Pet</b></td><td>Гладь-гладь</td><td><i>Гладить</i></td></tr><tr><td><b>Ping</b></td><td>Сверк</td><td><i>Блеск, сверкание</i></td></tr><tr><td><b>Pink</b></td><td>Пум</td><td><i>(Удар молоточком об голову, звонкий звук)</i></td></tr><tr><td><b>Pirk, ping</b></td><td>Чу, дёрг</td><td><i>Шевелиться, подёргивать лицом, прислушиваться</i></td></tr><tr><td><b>Poik</b></td><td>Дёрг</td><td><i>Остановиться, замереть</i></td></tr><tr><td><b>Poit</b></td><td>Швырь</td><td><i>(От)бросить что-нибудь мелкое, пришедшая в голову мысль</i></td></tr><tr><td><b>Poof</b></td><td>Пфу, пум</td><td><i>(Облако газа, мелких предметов)</i></td></tr><tr><td><b>Pooshe</b></td><td>Пфу</td><td><i>Фонтанирует (что-либо)</i></td></tr><tr><td><b>Pop, whop</b></td><td>Хлоп</td><td><i>Похлопывание, хлопок</i></td></tr><tr><td><b>Pshrr</b></td><td>Пфу</td><td><i>(Что-то взлетает вверх, закручиваясь)</i></td></tr><tr><td><b>Psht, toss</b></td><td>Фиють, вжух</td><td><i>Свист воздуха (вследствие самых разных причин)</i></td></tr><tr><td><b>Pssh</b></td><td>Фиють</td><td><i>Звук быстрого движения</i></td></tr><tr><td><b>Pst</b></td><td>Шу</td><td><i>Шептать, сплетничать</i></td></tr><tr><td><b>Ptui</b></td><td>Тьфу, пфф</td><td><i>Усмехнуться, прыснуть, плюнуть</i></td></tr><tr><td><b>Pull</b></td><td>Тяг</td><td><i>Растягивание щёк руками, свешивающийся язык, Тянуть</i></td></tr><tr><td><b>Pull, shat</b></td><td>Дёрг</td><td><i>Выдернуть предмет, потянуть на себя</i></td></tr><tr><td><b>Pull, tug, gluk</b></td><td>Хвать</td><td><i>Схватить за руку, тянуть за руку</i></td></tr><tr><td><b>Purr</b></td><td>Мя, муяу, мур</td><td><i>Мурлыкать, тереться, получать удовольствие, тыкаться во что-то мягкое</i></td></tr><tr><td><b>Push</b></td><td>Дёрг</td><td><i>(Дрыгать руками) Толкать, дёргать</i></td></tr><tr><td><b>Rattle</b></td><td>Звяк, трень</td><td><i>Звяканье цепи, струн</i></td></tr><tr><td><b>Rattle, krmbl</b></td><td>Хрусть, скрип, пурш</td><td><i>(Разбрасывание, разлетание предметов) Похрустывание, поскрипывание</i></td></tr><tr><td><b>Roll</b></td><td>Громых, тудух</td><td><i>Раскаты грома Перекатывание</i></td></tr><tr><td><b>Roll, bonk</b></td><td>Шмяк</td><td><i>Звук падающего тела</i></td></tr><tr><td><b>Rrmm</b></td><td>Вуу</td><td><i>Звук горения (в прямом или переносном смысле)</i></td></tr><tr><td><b>Rrr</b></td><td>Грр</td><td><i>Злость, обида, раздражение, рычание</i></td></tr><tr><td><b>Rrr</b></td><td>Уп, гр, ух</td><td><i>Тошнить</i></td></tr><tr><td><b>Rub</b></td><td>Шур-шур</td><td><i>Тереть, (запускать механизм) Стирать</i></td></tr><tr><td><b>Rumble</b></td><td>Громых и Грох</td><td> </td></tr><tr><td><b>Rustle</b></td><td>Шурх</td><td><i>Шорох, хруст</i></td></tr><tr><td><b>Scratch</b></td><td>Царап, скряб</td><td><i>Скрестись, царапаться</i></td></tr><tr><td><b>Scree</b></td><td>Вж</td><td><i>Звук едущей машины</i></td></tr><tr><td><b>Screechsk</b></td><td>Швзи</td><td><i>Звук торможения машины</i></td></tr><tr><td><b>Scribble</b></td><td>Коряб, скряб, шик</td><td><i>Скрести, тереть Рисовать, царапать</i></td></tr><tr><td><b>Sha, shoomp</b></td><td>Ша</td><td><i>Рёв, шипение (пара)</i></td></tr><tr><td><b>Shak</b></td><td>Вжик, ших</td><td><i>(Отпустить, скользить) Разрезание чего-либо</i></td></tr><tr><td><b>Shat, zip, pull</b></td><td>Дёрг</td><td><i>Выдёргивать что-нибудь</i></td></tr><tr><td><b>Sheeoo</b></td><td>Шиу</td><td><i>Звук полёта</i></td></tr><tr><td><b>Sheeoo, veesh</b></td><td>Шиу</td><td><i>Звук полёта, надвигающийся звук, шипение</i></td></tr><tr><td><b>Shf, sha</b></td><td>Пфш, шурх, шарк, шу, пфу</td><td><i>Шорох (травы, листвы), шум воды</i></td></tr><tr><td><b>Shff</b></td><td>Шурк</td><td><i>Щекотать травинкой нос</i></td></tr><tr><td><b>Shik</b></td><td>Вжик, клац</td><td><i>Звяканье металла, доставание когтей</i></td></tr><tr><td><b>Shine</b></td><td>щщ</td><td><i>Ярко светит солнце</i></td></tr><tr><td><b>Shk</b></td><td> </td><td><i>Свист ветра Шорох</i></td></tr><tr><td><b>Shk</b></td><td>Шик, тлэнь</td><td><i>Щелчок, скребущий звук</i></td></tr><tr><td><b>Shloop, shpong</b></td><td>Пурф, шух</td><td><i>Выскакивать, выскальзывать</i></td></tr><tr><td><b>Shpapa</b></td><td> </td><td><i>Быстрый бег</i></td></tr><tr><td><b>Shu</b></td><td>Вжих, швырь</td><td><i>Быстрое движение, взмах, звук рассекаемого воздуха</i></td></tr><tr><td><b>Sigh</b></td><td>Уфф, эх, пых</td><td><i>Вздох, выдох, фырканье, тяжёлое дыхание</i></td></tr><tr><td><b>Sizzle</b></td><td>Пф</td><td><i>(Поднимающийся пар, идущее тепло)</i></td></tr><tr><td><b>Skong</b></td><td>Блам, лязг</td><td><i>Лязг</i></td></tr><tr><td><b>Skorpork</b></td><td>Шварк, вдын</td><td><i>Тяжёлое падение, скрежет</i></td></tr><tr><td><b>Skraboom</b></td><td>Тарарах</td><td><i>Звук падения большого тела</i></td></tr><tr><td><b>Skraboom</b></td><td>Тарарах</td><td><i>Падение с последующим взрывом</i></td></tr><tr><td><b>Skrak zash</b></td><td>Вшдзых, туп, вхык</td><td><i>Втыкание/ вытыкание, вхождение</i></td></tr><tr><td><b>Skree</b></td><td>Вжш</td><td><i>Звук движения машины</i></td></tr><tr><td><b>Skreek</b></td><td>Скрип</td><td><i>Скрип</i></td></tr><tr><td><b>Skrsh</b></td><td>Шуф</td><td><i>Чистить зубы, уткнуться лицом во что-нибудь</i></td></tr><tr><td><b>Sksh</b></td><td>Шик</td><td><i>Готовить рис, чистить яблоко</i></td></tr><tr><td><b>Slam</b></td><td>Хлоп</td><td><i>Громко хлопнуть дверью</i></td></tr><tr><td><b>Slip, shf</b></td><td>Шарк, шурх</td><td><i>Скольжение, шарканье, шорох</i></td></tr><tr><td><b>Slip, zlit</b></td><td>Скользь</td><td><i>Скользить, выскользнуть, поскользнуться</i></td></tr><tr><td><b>Smash</b></td><td>Бам, бац, бух, бах, бабах(ух), кабздыщ, бдыщ</td><td><i>Столкновение</i></td></tr><tr><td><b>Smile</b></td><td>Эхехе</td><td><i>Улыбка</i></td></tr><tr><td><b>Snap</b></td><td>Звяк</td><td><i>Разрываемая цепь</i></td></tr><tr><td><b>Sniff</b></td><td>Шмыг, нюх</td><td><i>Принюхиваться</i></td></tr><tr><td><b>Snikt</b></td><td>Хоп</td><td><i>Резкое движение, трюк</i></td></tr><tr><td><b>Snip</b></td><td>Чик</td><td><i>Отрезать что-нибудь Расстегнуть пуговицу</i></td></tr><tr><td><b>Snop</b></td><td>Хвать</td><td><i>Злиться Схватить</i></td></tr><tr><td><b>Snort</b></td><td>Сёрб, сп</td><td><i>Втягивать в себя (жидкость, воздух)</i></td></tr><tr><td><b>Snuffle</b></td><td>Шмыг</td><td><i>Хныкать, шмыгать</i></td></tr><tr><td><b>Sob</b></td><td>Хнык, плак</td><td><i>Тыкать пальцем, плакать, шмыгать</i></td></tr><tr><td><b>Sparkle</b></td><td> </td><td><i>Солнечный свет</i></td></tr><tr><td><b>Splash</b></td><td>Бултых</td><td><i>Падение в воду, плеск воды</i></td></tr><tr><td><b>Splash, splish</b></td><td>Шлёп, плюх, вспых, плесь, бултых</td><td><i>(Шлепок), (щелчок вспышки фотокамеры) Плеск жидкости, бежать по воде, грязи</i></td></tr><tr><td><b>Splat</b></td><td>Бац, плюмс, бумс</td><td><i>Удар по лицу, плеск воды</i></td></tr><tr><td><b>Splat, whompf, skrak</b></td><td>Бум</td><td><i>Энергичный удар</i></td></tr><tr><td><b>Splop</b></td><td>Шик</td><td><i>Красить</i></td></tr><tr><td><b>Spoing</b></td><td>Прыг, зырк</td><td><i>(Прыгать вокруг, мельтешить) (оглядываться вокруг)</i></td></tr><tr><td><b>Ss</b></td><td>Кршт, чвок, пш, шиу</td><td><i>Шипение, шкворчание</i></td></tr><tr><td><b>Swat, slash, slap</b></td><td>Шлёп, стук, хлоп</td><td><i>Шлепок, звучный удар</i></td></tr><tr><td><b>Sween</b></td><td>Звяк, клац</td><td><i>Радость, восторг, звяканье</i></td></tr><tr><td><b>Swip</b></td><td>Шик</td><td><i>Отирать глаза от слёз</i></td></tr><tr><td><b>Swish</b></td><td>Вух</td><td><i>Звук мягкого движения</i></td></tr><tr><td><b>Swish</b></td><td>Пшз</td><td><i>Треск электрических разрядов, полёт феи</i></td></tr><tr><td><b>Swurl</b></td><td>Круть</td><td><i>Вращение, головокружение</i></td></tr><tr><td><b>Ta-dam</b></td><td>Та-дам</td><td><i>Звукакцентирующий внимание (на чём-то неожиданном)</i></td></tr><tr><td><b>Thakam</b></td><td>Тц, блин</td><td><i>Досадливое цоканье языком</i></td></tr><tr><td><b>Thock </b></td><td>Клац</td><td><i>Щёлканье рычага переключения скоростей</i></td></tr><tr><td><b>Thop</b></td><td>Хвать</td><td><i>Поймать что-нибудь</i></td></tr><tr><td><b>Throb</b></td><td>Уй</td><td><i>Сердечная боль, приступ боли</i></td></tr><tr><td><b>Thud</b></td><td>Тум, Тудх</td><td><i>Глухой удар/Тяжёлый шаг</i></td></tr><tr><td><b>Thum</b></td><td>Шлёп, шмяк</td><td><i>Звук падения</i></td></tr><tr><td><b>Thump</b></td><td>Тутум</td><td><i>Стук сердца</i></td></tr><tr><td><b>Tick-tock</b></td><td>Тик-так, тук-тук</td><td><i>Соударение твёрдых предметов, быть твёрдым, тиканье (часов)</i></td></tr><tr><td><b>Tikka</b></td><td>Круть, трык</td><td><i>(Заглядывать куда-либо) Катиться, звук колёс</i></td></tr><tr><td><b>Toom, skrunch, thud</b></td><td>Туд(у)х, джух, туд</td><td><i>(Эхо удара) Тяжёлые удары, шаги</i></td></tr><tr><td><b>Top</b></td><td>Шлёп, топ</td><td><i>Звуки шагов, приземление на ноги</i></td></tr><tr><td><b>Tp</b></td><td>Тык</td><td><i>Прикасаться, тыкать, зацепиться</i></td></tr><tr><td><b>Tremble</b></td><td>Дрр, дёрг</td><td><i>Дрожать, трястись</i></td></tr><tr><td><b>Trmbl</b></td><td>Тудум, поу, дрр</td><td><i>Трястись</i></td></tr><tr><td><b>Tsha-tshu</b></td><td>Вж</td><td><i>Скольжение, трение</i></td></tr><tr><td><b>Twitch</b></td><td>Дрыг, дёрг</td><td><i>Трястись (от гнева, плача, смеха), дёргаться</i></td></tr><tr><td><b>Twrl</b></td><td>Круть</td><td><i>Резкий поворот тела/головы</i></td></tr><tr><td><b>Urk</b></td><td> </td><td><i>(Акцентирование внимания)</i></td></tr><tr><td><b>vaVoom </b></td><td>вру-ум</td><td><i>Звук движения</i></td></tr><tr><td><b>Vip</b></td><td>Вшип(Удар)</td><td><i>Принять позу</i></td></tr><tr><td><b>Vip, sh</b></td><td>Шурх</td><td><i>Шорох</i></td></tr><tr><td><b>Vip, vwoom</b></td><td>Прыг, круть</td><td><i>(Прыжок) Разворот, свист рассекаемого воздуха</i></td></tr><tr><td><b>Vlop</b></td><td>Чпок</td><td><i>Открыть, снять/надеть что-либо</i></td></tr><tr><td><b>Vree, foosh</b></td><td>Фиюшу, пфу, фух, пфум</td><td><i>Звук закрываемой двери Звук реактивного полёта, звук извергаемой струи пламени</i></td></tr><tr><td><b>Vrun</b></td><td>Фух, круть</td><td><i>Крутить</i></td></tr><tr><td><b>Vsh</b></td><td>Фрш</td><td><i>Расщепляемый ударом бамбук</i></td></tr><tr><td><b>Vwoom</b></td><td>Вуууу</td><td><i>(Угроза, напряжённая атмосфера) Звук близко пролетающего предмета</i></td></tr><tr><td><b>Vwoom</b></td><td>Шу</td><td><i>Звук быстрого движения (машины)</i></td></tr><tr><td><b>Vwum</b></td><td>Вжзу</td><td><i>Звук разрываемого железа</i></td></tr><tr><td><b>Waffl</b></td><td>Дёрг</td><td><i>Не стоять на ногах, шататься, трястись</i></td></tr><tr><td><b>Wah</b></td><td>Уа-а</td><td><i>(Удивление, испуг, неожиданность)</i></td></tr><tr><td><b>Whack</b></td><td>Швах, шпах</td><td><i>Удар, пинок</i></td></tr><tr><td><b>Wham</b></td><td>Бдыщ, стук</td><td><i>Удар</i></td></tr><tr><td><b>Wham, clang</b></td><td>Лязг, скрип, шарах</td><td><i>Скрип, удар, Грохот</i></td></tr><tr><td><b>Wham, screech, smack</b></td><td>Хрэк, хрусть, хрясь, чпок</td><td><i>Треск, удар</i></td></tr><tr><td><b>Whang</b></td><td>Скреж</td><td><i>Скрип тормозов</i></td></tr><tr><td><b>What the</b></td><td>Чего это</td><td><i>Удивление, неожиданность</i></td></tr><tr><td><b>Wheen</b></td><td>Вшш</td><td><i>Фоновый шум Пристальный взгляд, тишина</i></td></tr><tr><td><b>Whish</b></td><td>Шурх</td><td><i>Шелест (бумаги)</i></td></tr><tr><td><b>Whisper</b></td><td>Шушу</td><td><i>Шёпот</i></td></tr><tr><td><b>Whoosh</b></td><td>Шух</td><td><i>Быстрое движение</i></td></tr><tr><td><b>Whp</b></td><td>Воу</td><td><i>Шипение лазера</i></td></tr><tr><td><b>Whp, rustle</b></td><td>Шурх</td><td><i>Шорох, треск</i></td></tr><tr><td><b>Whr</b></td><td>Вжух, вур</td><td><i>(Полёт, вращение)</i></td></tr><tr><td><b>Wilt</b></td><td> </td><td><i>Слабость, вялость, расслабленность</i></td></tr><tr><td><b>Wisk</b></td><td>Фух</td><td><i>Удар мимо</i></td></tr><tr><td><b>Wohoo</b></td><td>Вуху, ура(Гомон)</td><td><i>Возглас радости</i></td></tr><tr><td><b>Woof</b></td><td>Гав</td><td><i>Гавкать, лай</i></td></tr><tr><td><b>Wroom</b></td><td>Вух</td><td><i>Быстрое движение</i></td></tr><tr><td><b>Wuzzle</b></td><td>Круть, др</td><td><i>Тереться, трястись</i></td></tr><tr><td><b>Yammer</b></td><td>Га</td><td><i>Галдёж</i></td></tr><tr><td><b>Yes, okay, sure</b></td><td>Да, ага, угу, точно</td><td><i>Выражение согласия, подтверждение</i></td></tr><tr><td><b>Zhan</b></td><td>Фш</td><td><i>Шорох движения (ткани, волос)</i></td></tr><tr><td><b>Zheen</b></td><td>Вжик</td><td><i>Звук раздвигающихся автоматических дверей</i></td></tr><tr><td><b>Zhoop</b></td><td>Фу, шу</td><td><i>Надувающийся пузырь жевачки</i></td></tr><tr><td><b>Zupash</b></td><td>Пфу</td><td><i>Плеск воды</i></td></tr><tr><td><b>Zurk</b></td><td>Ш, шурх</td><td><i>Шипение, щелчки клавиш клавиатуры Звук трения</i></td></tr></tbody></table>",0,1,all,zvuki,"","",785576,"",1577705906,Звуки в комиксах - инструкция от RPU,1,1,0,0,""
10,popular,Популярные комиксы на RPU,популярные,0,1,all,popular,"","",33111,"",1578224310,"",1,1,0,0,""
11,reliznaja,"Список комиксов загруженных на сайт, но пока не опубликованных","&#123;include file=\""engine/modules/base/blockpro.php?moderate=y&amp;sort=date\""}",0,1,all,reliz,"","",0,"",1618286972,"",0,0,1,1,""
12,last-stand-of-new-krypton,Хронология &quot;Последней битвы нового Криптона&quot;,"<p>Сюжетная линия с участием 4 серий Супермена: Супергёрл, Супермен, Приключенческие комиксы и Экшн-комиксы. История о судьбе будущего с участием Легиона Супергероев.</p>",0,1,all,static-lsnk,"","",512,"",1660825397,"",1,1,0,0,""
13,savage-dawn,Хронология &quot;Дикого рассвета&quot;,"<p>После схватки Супермена с Вандалом Сэвиджем, Кал\'Эл отчаянно пытается восстановить свои силы. Время уходит, и его враги полны решимости уничтожить его, поэтому Супермен должен совершить немыслимое и подвергнуть себя воздействию криптонита, чтобы обновиться.</p><p><br></p>",0,1,all,static-sd,"","",451,"",1679979274,"",1,1,0,0,""
